Age,Gender,self_employed,family_history,treatment,work_interfere,no_employees,remote_work,tech_company,benefits,care_options,wellness_program,seek_help,anonymity,leave,mental_health_consequence,phys_health_consequence,coworkers,supervisor,mental_health_interview,phys_health_interview,mental_vs_physical,obs_consequence
37,Female,No,No,Yes,Often,6-25,No,Yes,Yes,Not sure,No,Yes,Yes,Somewhat easy,No,No,Some of them,Yes,No,Maybe,Yes,No
44,Male,No,No,No,Rarely,More than 1000,No,No,Don't know,No,Don't know,Don't know,Don't know,Don't know,Maybe,No,No,No,No,No,Don't know,No
32,Male,No,No,No,Rarely,6-25,No,Yes,No,No,No,No,Don't know,Somewhat difficult,No,No,Yes,Yes,Yes,Yes,No,No
31,Male,No,Yes,Yes,Often,26-100,No,Yes,No,Yes,No,No,No,Somewhat difficult,Yes,Yes,Some of them,No,Maybe,Maybe,No,Yes
31,Male,No,No,No,Never,100-500,Yes,Yes,Yes,No,Don't know,Don't know,Don't know,Don't know,No,No,Some of them,Yes,Yes,Yes,Don't know,No
33,Male,No,Yes,No,Sometimes,6-25,No,Yes,Yes,Not sure,No,Don't know,Don't know,Don't know,No,No,Yes,Yes,No,Maybe,Don't know,No
35,Female,No,Yes,Yes,Sometimes,1-5,Yes,Yes,No,No,No,No,No,Somewhat difficult,Maybe,Maybe,Some of them,No,No,No,Don't know,No
39,Male,No,No,No,Never,1-5,Yes,Yes,No,Yes,No,No,Yes,Don't know,No,No,No,No,No,No,No,No
42,Female,No,Yes,Yes,Sometimes,100-500,No,Yes,Yes,Yes,No,No,No,Very difficult,Maybe,No,Yes,Yes,No,Maybe,No,No
23,Male,No,No,No,Never,26-100,No,Yes,Don't know,No,Don't know,Don't know,Don't know,Don't know,No,No,Yes,Yes,Maybe,Maybe,Yes,No
31,Male,No,No,Yes,Sometimes,6-25,Yes,Yes,Don't know,No,No,No,Don't know,Don't know,No,No,Some of them,Yes,No,No,Don't know,No
29,Male,No,No,No,Never,100-500,Yes,Yes,Don't know,Not sure,No,No,Don't know,Don't know,No,No,Yes,Yes,Yes,Yes,Don't know,No
42,Female,No,Yes,Yes,Sometimes,26-100,No,No,Yes,Yes,No,No,Don't know,Somewhat difficult,Yes,Yes,Yes,Yes,Maybe,Maybe,No,Yes
36,Male,No,Yes,No,Never,500-1000,No,Yes,Don't know,Not sure,No,Don't know,Don't know,Don't know,No,No,Yes,Yes,No,No,Don't know,No
27,Male,No,No,No,Never,6-25,No,Yes,Don't know,Not sure,Don't know,Don't know,Don't know,Somewhat easy,No,No,Some of them,Some of them,Maybe,Yes,Yes,No
29,Female,No,Yes,Yes,Rarely,26-100,No,Yes,Yes,Not sure,No,No,Don't know,Somewhat easy,No,No,Yes,Some of them,Maybe,Maybe,Don't know,No
23,Male,No,No,Yes,Sometimes,26-100,Yes,Yes,Don't know,No,Don't know,Don't know,Don't know,Very easy,Maybe,No,Some of them,No,Maybe,Maybe,No,No
32,Male,No,No,Yes,Sometimes,6-25,No,Yes,Yes,Yes,No,Don't know,Don't know,Don't know,Maybe,No,Some of them,Yes,No,No,No,No
46,Male,Yes,Yes,No,Sometimes,1-5,Yes,Yes,Yes,Not sure,Yes,Don't know,Yes,Very easy,No,No,Yes,Yes,No,Yes,Yes,Yes
36,Male,Yes,Yes,No,Sometimes,6-25,Yes,Yes,No,No,Yes,No,Yes,Somewhat easy,No,No,Some of them,Some of them,Maybe,Maybe,Don't know,No
29,Male,No,Yes,Yes,Sometimes,100-500,No,Yes,Yes,Yes,No,No,No,Somewhat difficult,Maybe,No,Some of them,Some of them,No,No,No,No
31,Male,Yes,No,No,Never,1-5,Yes,Yes,No,No,No,No,Yes,Somewhat difficult,No,No,Some of them,Some of them,No,Maybe,Yes,No
46,Male,No,No,Yes,Often,26-100,Yes,Yes,Yes,Yes,No,No,Don't know,Don't know,Maybe,No,Some of them,Yes,No,Maybe,No,No
41,Male,No,No,Yes,Never,More than 1000,No,No,Don't know,No,No,Don't know,Don't know,Don't know,Maybe,No,No,No,No,Yes,Don't know,No
33,Male,No,Yes,Yes,Rarely,26-100,No,Yes,Yes,Not sure,Don't know,Yes,Yes,Don't know,No,No,Yes,Yes,No,Yes,Don't know,No
35,Male,No,Yes,Yes,Sometimes,More than 1000,No,No,Yes,Yes,No,Don't know,No,Very easy,Yes,No,Some of them,Yes,No,Yes,No,No
33,Male,No,No,No,Sometimes,1-5,No,Yes,Don't know,Not sure,No,Don't know,Don't know,Don't know,Maybe,Maybe,Some of them,No,No,No,Don't know,No
35,Female,No,Yes,Yes,Rarely,6-25,Yes,Yes,Yes,Yes,Don't know,Don't know,Don't know,Don't know,No,No,Yes,Yes,Maybe,Maybe,Yes,No
34,Male,No,No,Yes,Sometimes,26-100,Yes,Yes,Don't know,Not sure,No,Don't know,Don't know,Somewhat difficult,No,No,Some of them,No,No,No,No,No
37,Male,No,No,No,Sometimes,6-25,No,Yes,No,No,No,No,Don't know,Very difficult,Yes,Maybe,Some of them,No,No,Maybe,No,No
32,Male,No,No,No,Never,6-25,Yes,Yes,No,No,No,No,Don't know,Don't know,Yes,Yes,Some of them,Some of them,No,Maybe,No,No
31,Male,Yes,Yes,No,Rarely,1-5,Yes,Yes,No,Yes,No,No,Don't know,Somewhat difficult,Yes,No,No,No,No,No,No,Yes
30,Male,No,Yes,Yes,Sometimes,500-1000,Yes,Yes,Don't know,No,No,No,Yes,Somewhat easy,Maybe,No,Some of them,Yes,No,Yes,Don't know,No
42,Male,No,Yes,Yes,Sometimes,26-100,Yes,Yes,Yes,Yes,Yes,Yes,Yes,Very easy,Maybe,No,Some of them,Some of them,Maybe,Yes,Don't know,No
40,Female,No,No,Yes,Sometimes,1-5,No,Yes,Yes,Yes,No,No,Don't know,Don't know,Maybe,No,Some of them,No,No,Maybe,Yes,No
27,Male,No,No,Yes,Rarely,6-25,No,Yes,No,Yes,No,No,Don't know,Very easy,No,No,Yes,Yes,Maybe,Maybe,Don't know,No
29,Male,No,No,No,Rarely,1-5,No,Yes,No,No,No,No,Don't know,Very easy,Yes,Maybe,Some of them,No,No,No,Don't know,No
38,Male,No,No,No,Sometimes,100-500,No,Yes,No,Yes,No,No,Don't know,Somewhat easy,Maybe,No,Some of them,Some of them,No,Maybe,No,No
50,Male,No,No,No,Sometimes,100-500,No,Yes,Yes,Yes,No,Don't know,Don't know,Don't know,No,No,Some of them,Yes,No,Maybe,Don't know,No
35,Male,No,No,Yes,Rarely,More than 1000,Yes,Yes,Yes,Yes,No,Yes,Yes,Very easy,No,No,Yes,Yes,Maybe,Maybe,Yes,No
24,Male,No,No,Yes,Sometimes,6-25,No,Yes,No,No,No,No,Don't know,Don't know,Maybe,Maybe,Some of them,No,No,Yes,No,Yes
35,Male,No,No,No,Sometimes,More than 1000,Yes,Yes,Yes,Not sure,Don't know,Yes,Don't know,Somewhat difficult,Yes,Yes,Some of them,No,No,Maybe,Don't know,No
27,Male,No,Yes,Yes,Sometimes,1-5,No,Yes,No,Yes,No,No,Yes,Very difficult,Maybe,No,Some of them,No,No,No,Yes,No
18,Male,No,No,No,Often,6-25,No,Yes,No,Not sure,No,No,Don't know,Somewhat difficult,Yes,Maybe,No,Some of them,No,No,No,No
30,Male,No,No,Yes,Sometimes,26-100,No,Yes,Don't know,No,No,No,Don't know,Don't know,No,No,No,No,No,Maybe,Don't know,No
38,Female,No,Yes,Yes,Sometimes,26-100,No,Yes,Yes,Yes,No,Yes,Yes,Somewhat easy,No,No,Some of them,Yes,No,No,Yes,No
28,Male,No,No,No,Sometimes,26-100,No,Yes,Don't know,Not sure,No,No,Don't know,Don't know,No,Maybe,Some of them,Yes,Maybe,Yes,Don't know,No
34,Male,No,No,No,Sometimes,6-25,No,Yes,No,No,No,No,Don't know,Don't know,No,No,Yes,Yes,Maybe,Yes,Don't know,No
26,Male,Yes,No,No,Sometimes,1-5,No,Yes,No,Yes,Yes,No,Don't know,Don't know,No,No,Yes,Yes,No,No,Yes,No
30,Male,No,Yes,Yes,Rarely,26-100,No,Yes,Yes,No,No,Don't know,Don't know,Don't know,Maybe,No,Some of them,Yes,No,No,Don't know,No
22,Male,No,Yes,Yes,Often,6-25,No,Yes,No,Yes,No,No,Yes,Very difficult,Maybe,No,No,No,No,Maybe,Don't know,No
33,Male,No,No,No,Sometimes,100-500,Yes,Yes,Don't know,Not sure,Don't know,Don't know,Don't know,Don't know,No,No,Some of them,Yes,Maybe,Maybe,Don't know,No
31,Male,No,No,No,Sometimes,100-500,Yes,Yes,Don't know,No,Don't know,Don't know,Don't know,Don't know,Maybe,Maybe,Some of them,Some of them,Maybe,Maybe,Don't know,No
32,Male,No,No,No,Never,1-5,Yes,Yes,Don't know,Not sure,No,No,Don't know,Don't know,Maybe,No,Some of them,Yes,No,No,Don't know,No
28,Male,No,No,No,Sometimes,100-500,No,Yes,No,No,No,No,Don't know,Don't know,No,No,No,No,No,Maybe,Don't know,No
27,Other,No,Yes,Yes,Rarely,26-100,No,Yes,Yes,Yes,No,No,Yes,Don't know,Maybe,No,No,No,No,No,Don't know,No
32,Male,No,Yes,No,Sometimes,6-25,Yes,Yes,Don't know,No,No,No,Don't know,Somewhat easy,No,No,Yes,Yes,No,No,Yes,No
24,Male,No,Yes,Yes,Sometimes,26-100,Yes,Yes,Don't know,No,No,No,Don't know,Don't know,No,Maybe,Some of them,Yes,Yes,Yes,No,No
26,Male,No,No,No,Sometimes,26-100,No,No,No,No,No,No,Yes,Somewhat easy,No,No,Some of them,Yes,Maybe,Yes,Don't know,No
33,Male,No,Yes,Yes,Often,6-25,Yes,Yes,Don't know,No,No,No,No,Somewhat difficult,Yes,No,No,No,No,Maybe,Don't know,No
44,Male,No,Yes,Yes,Sometimes,More than 1000,No,No,Yes,No,No,Don't know,Don't know,Don't know,Yes,Maybe,Some of them,No,No,Maybe,Don't know,Yes
26,Female,No,No,Yes,Sometimes,26-100,Yes,Yes,Don't know,Not sure,Yes,Yes,Yes,Very easy,No,No,Yes,Yes,Maybe,Yes,Yes,No
27,Male,No,No,No,Never,100-500,No,Yes,Yes,Not sure,No,Yes,Don't know,Somewhat easy,No,No,Yes,Yes,Maybe,Maybe,Yes,No
26,Male,No,No,No,Sometimes,26-100,No,Yes,No,No,No,No,Don't know,Very easy,Yes,No,No,No,No,No,No,Yes
35,Male,No,No,No,Sometimes,6-25,No,Yes,Don't know,No,No,No,Don't know,Somewhat easy,No,No,Some of them,Yes,No,Maybe,Don't know,No
40,Male,No,Yes,No,Sometimes,More than 1000,Yes,Yes,Yes,Yes,Yes,Yes,Don't know,Don't know,Yes,Maybe,Some of them,No,No,No,No,Yes
23,Female,No,Yes,Yes,Often,1-5,Yes,Yes,No,Not sure,No,No,Don't know,Very easy,No,No,Some of them,Yes,No,Maybe,Yes,No
36,Male,No,No,No,Sometimes,100-500,Yes,Yes,Yes,No,Don't know,Yes,Don't know,Don't know,Maybe,No,Some of them,Some of them,Maybe,Yes,Yes,No
31,Female,No,No,No,Sometimes,26-100,Yes,No,Don't know,No,Don't know,Don't know,Don't know,Don't know,Maybe,No,Some of them,No,No,Maybe,Don't know,No
34,Male,Yes,No,No,Rarely,1-5,Yes,Yes,No,No,No,No,Don't know,Don't know,Maybe,No,Some of them,No,No,No,Don't know,No
28,Male,No,No,No,Never,26-100,No,Yes,No,No,No,No,Don't know,Don't know,Maybe,No,Some of them,Some of them,No,No,Don't know,No
34,Male,No,No,No,Never,6-25,No,Yes,Don't know,Not sure,Don't know,Don't know,Don't know,Somewhat easy,No,No,Some of them,Yes,No,No,Don't know,No
23,Female,No,No,No,Rarely,More than 1000,No,Yes,Yes,Yes,No,No,Yes,Somewhat difficult,Maybe,No,Yes,Yes,No,No,No,No
38,Male,No,No,No,Sometimes,26-100,No,Yes,No,No,No,Don't know,Yes,Somewhat easy,No,No,Some of them,Yes,Maybe,Yes,Yes,No
33,Male,No,No,No,Never,More than 1000,No,Yes,Don't know,Not sure,Yes,Don't know,Don't know,Don't know,Maybe,No,Some of them,Some of them,No,Maybe,Yes,No
19,Male,No,No,No,Sometimes,1-5,No,Yes,No,Yes,No,No,No,Somewhat difficult,Yes,No,No,No,No,Maybe,No,No
25,Male,No,No,No,Sometimes,More than 1000,Yes,Yes,Yes,Yes,Yes,Yes,Don't know,Don't know,No,No,Yes,Yes,Maybe,Yes,Yes,No
31,Male,Yes,Yes,No,Sometimes,1-5,Yes,Yes,No,No,No,No,Yes,Somewhat difficult,No,No,Yes,Yes,Maybe,Maybe,Yes,No
32,Male,No,Yes,Yes,Sometimes,26-100,Yes,Yes,No,No,No,No,Don't know,Somewhat difficult,Yes,No,Some of them,No,No,Yes,No,No
28,Male,No,No,No,Never,6-25,Yes,Yes,Don't know,No,Don't know,Don't know,Don't know,Very easy,No,No,Some of them,Some of them,Maybe,Yes,Yes,No
38,Male,No,Yes,No,Sometimes,100-500,Yes,Yes,Yes,Yes,No,Yes,Don't know,Don't know,No,No,Yes,Some of them,Maybe,Maybe,Yes,No
23,Male,No,No,No,Never,26-100,No,Yes,Yes,Not sure,Yes,Don't know,Don't know,Very easy,No,No,Some of them,Yes,Maybe,Maybe,Yes,No
30,Male,No,No,No,Never,26-100,No,No,No,No,No,No,Don't know,Don't know,No,No,Some of them,Yes,No,No,No,No
27,Female,Yes,No,Yes,Often,1-5,Yes,Yes,Yes,Yes,Yes,Yes,Yes,Very easy,Maybe,Maybe,Some of them,Yes,No,Maybe,Yes,No
33,Male,No,Yes,No,Never,More than 1000,No,Yes,No,No,No,No,Don't know,Don't know,Yes,No,No,No,No,Maybe,No,No
31,Male,No,No,No,Sometimes,26-100,No,Yes,Don't know,Not sure,No,No,Don't know,Don't know,No,No,Some of them,Yes,Maybe,Maybe,No,No
39,Male,Yes,No,Yes,Often,6-25,No,Yes,No,No,No,No,Don't know,Very difficult,Maybe,No,Some of them,No,No,Maybe,No,Yes
34,Female,No,Yes,Yes,Rarely,500-1000,Yes,Yes,Yes,Not sure,No,Don't know,Don't know,Don't know,Yes,Maybe,Some of them,Some of them,No,No,Don't know,No
29,Female,No,No,Yes,Sometimes,26-100,No,Yes,Yes,Yes,No,No,Don't know,Don't know,Maybe,No,Some of them,Some of them,No,Maybe,No,Yes
32,Male,No,No,No,Sometimes,500-1000,No,Yes,Don't know,No,No,Don't know,Don't know,Don't know,No,No,Some of them,Some of them,No,No,Don't know,No
31,Male,No,No,No,Never,500-1000,No,Yes,Yes,Yes,Yes,Yes,Yes,Somewhat easy,No,No,Some of them,Yes,No,No,Yes,No
40,Male,No,No,Yes,Sometimes,26-100,No,Yes,No,Yes,No,No,Yes,Very difficult,No,No,Yes,Yes,Yes,Yes,No,No
34,Male,No,No,No,Sometimes,26-100,No,Yes,Don't know,No,No,No,Don't know,Somewhat easy,Maybe,No,Some of them,No,No,Maybe,Don't know,No
18,Male,No,No,No,Sometimes,26-100,Yes,Yes,Yes,Yes,No,No,Yes,Somewhat easy,No,No,Yes,Yes,Yes,Yes,Don't know,No
25,Female,No,No,Yes,Sometimes,26-100,No,Yes,Yes,Yes,No,Don't know,Don't know,Don't know,Maybe,No,Some of them,Yes,No,Maybe,Don't know,No
29,Male,No,No,No,Never,26-100,No,Yes,Don't know,No,No,Don't know,Don't know,Don't know,No,No,Yes,Yes,Maybe,Maybe,No,No
24,Male,No,Yes,No,Rarely,26-100,No,Yes,Don't know,Not sure,No,Don't know,Don't know,Somewhat easy,Maybe,Maybe,Some of them,No,No,Maybe,Don't know,No
31,Male,No,Yes,Yes,Sometimes,6-25,No,Yes,Don't know,No,No,No,Don't know,Don't know,No,No,Some of them,Yes,Maybe,Yes,No,No
33,Male,No,No,Yes,Sometimes,6-25,No,Yes,No,Yes,No,No,Don't know,Somewhat easy,Maybe,No,Some of them,No,No,Maybe,No,No
30,Male,No,No,Yes,Often,1-5,No,Yes,No,Yes,No,No,Yes,Somewhat easy,No,No,Yes,Yes,Maybe,Maybe,Yes,No
26,Female,No,Yes,Yes,Sometimes,26-100,No,No,No,Yes,No,No,No,Very difficult,Yes,No,No,No,No,Maybe,No,Yes
44,Female,No,No,No,Never,100-500,No,Yes,Yes,Not sure,Don't know,Don't know,Don't know,Don't know,Maybe,Maybe,No,Some of them,No,No,Don't know,No
25,Male,No,Yes,No,Sometimes,26-100,No,Yes,Don't know,No,Don't know,Don't know,Don't know,Very easy,No,No,Some of them,Yes,No,No,Don't know,No
33,Male,No,Yes,Yes,Sometimes,26-100,Yes,Yes,Yes,Yes,Yes,Yes,Yes,Somewhat easy,No,No,Some of them,Yes,Maybe,Maybe,Yes,No
29,Male,No,No,No,Never,More than 1000,No,Yes,Yes,Not sure,Yes,Don't know,Don't know,Somewhat easy,No,No,Some of them,Yes,No,No,Don't know,No
35,Male,No,Yes,No,Rarely,6-25,No,Yes,Yes,Not sure,No,No,Yes,Somewhat easy,No,No,Some of them,Yes,No,No,Don't know,No
35,Male,No,Yes,Yes,Sometimes,26-100,Yes,Yes,Don't know,Not sure,No,No,Don't know,Somewhat easy,No,No,Some of them,Yes,No,Maybe,No,No
28,Male,No,Yes,Yes,Rarely,6-25,No,Yes,No,No,No,No,No,Don't know,Maybe,No,Yes,Yes,No,No,Don't know,Yes
34,Male,No,Yes,No,Never,6-25,Yes,Yes,Yes,No,No,No,Don't know,Don't know,Maybe,No,No,No,No,No,Don't know,No
32,Male,No,No,Yes,Sometimes,26-100,No,Yes,Yes,No,Yes,Yes,Yes,Somewhat difficult,Maybe,No,Some of them,Yes,No,Maybe,Yes,No
22,Male,No,No,Yes,Sometimes,500-1000,No,Yes,Yes,Yes,No,Don't know,Yes,Don't know,Yes,No,No,No,No,Yes,No,No
28,Male,No,No,Yes,Sometimes,26-100,No,Yes,Yes,Yes,Yes,Yes,Yes,Somewhat easy,No,No,Some of them,Some of them,No,Maybe,Yes,No
45,Male,No,Yes,Yes,Rarely,6-25,Yes,Yes,Yes,Yes,No,Yes,Yes,Very easy,No,No,Yes,Yes,Yes,Yes,Yes,No
32,Male,No,No,No,Never,100-500,No,Yes,Yes,Yes,No,Don't know,Don't know,Don't know,Maybe,No,Some of them,Some of them,No,No,Don't know,No
28,Male,No,No,No,Sometimes,More than 1000,No,Yes,Don't know,No,No,Don't know,Don't know,Don't know,Maybe,No,Some of them,No,No,Maybe,Don't know,No
26,Male,No,No,No,Never,6-25,No,Yes,Don't know,No,No,Don't know,Don't know,Very easy,No,No,Some of them,Some of them,No,No,Don't know,Yes
21,Male,Yes,No,No,Often,1-5,Yes,No,No,Yes,No,No,Yes,Very difficult,Yes,No,Some of them,Yes,No,Maybe,No,No
27,Male,No,No,No,Rarely,6-25,No,No,Yes,Yes,Yes,Yes,Yes,Very easy,Maybe,No,Some of them,Yes,No,No,Don't know,No
18,Male,No,No,Yes,Rarely,1-5,Yes,Yes,No,No,No,No,Yes,Very easy,No,No,Some of them,No,No,No,Don't know,No
35,Male,No,No,No,Sometimes,26-100,Yes,Yes,Don't know,Not sure,No,Don't know,Don't know,Don't know,No,No,Some of them,Yes,Maybe,Maybe,Don't know,No
29,Male,No,No,No,Never,More than 1000,No,Yes,Yes,Yes,No,Yes,Don't know,Don't know,Yes,Yes,No,No,No,No,Don't know,No
25,Male,No,No,No,Sometimes,26-100,Yes,Yes,Don't know,No,No,No,Don't know,Very easy,No,No,Some of them,Yes,No,No,Don't know,No
33,Male,No,Yes,Yes,Sometimes,6-25,Yes,Yes,Don't know,No,Don't know,Don't know,Yes,Very easy,No,No,Yes,Yes,No,Maybe,Yes,No
36,Male,No,No,No,Often,6-25,No,Yes,Yes,No,No,No,Yes,Don't know,Maybe,No,No,No,No,No,Don't know,No
27,Male,No,No,Yes,Never,100-500,No,No,Yes,Not sure,No,No,Don't know,Very difficult,Maybe,No,Some of them,Yes,No,Maybe,No,Yes
27,Male,No,Yes,No,Never,500-1000,No,Yes,Yes,No,Yes,Yes,Yes,Don't know,Yes,No,Some of them,No,No,Yes,Don't know,No
27,Male,No,No,No,Sometimes,6-25,No,Yes,No,No,No,No,Don't know,Don't know,No,No,Some of them,Some of them,No,No,Don't know,No
32,Male,No,No,Yes,Rarely,100-500,No,Yes,Yes,Yes,No,Yes,Yes,Don't know,Yes,No,No,Yes,No,No,Don't know,No
31,Male,No,Yes,No,Sometimes,6-25,No,Yes,No,No,No,No,Don't know,Somewhat easy,Maybe,Maybe,No,No,No,No,Yes,No
19,Male,No,No,Yes,Sometimes,6-25,No,Yes,Don't know,No,No,No,Don't know,Somewhat easy,Yes,Yes,Some of them,No,No,No,Don't know,No
33,Male,No,Yes,Yes,Sometimes,More than 1000,No,Yes,Yes,Yes,No,No,Don't know,Very easy,Maybe,No,Yes,Some of them,No,Yes,No,No
32,Male,No,No,No,Rarely,1-5,Yes,Yes,No,Yes,No,No,Don't know,Very difficult,Maybe,No,Yes,Some of them,No,Yes,Don't know,No
27,Male,No,No,No,Never,26-100,No,Yes,Don't know,Not sure,Don't know,Don't know,Don't know,Don't know,No,No,Yes,Yes,Maybe,Maybe,Don't know,No
38,Male,No,No,No,Sometimes,26-100,Yes,Yes,No,Yes,No,No,Yes,Somewhat easy,No,No,Yes,Yes,Maybe,Yes,No,No
24,Male,No,No,Yes,Never,26-100,No,Yes,Don't know,No,No,No,Don't know,Don't know,No,No,Some of them,Yes,Maybe,Yes,Don't know,No
39,Male,No,No,No,Never,26-100,No,No,No,No,No,No,Don't know,Don't know,Yes,Maybe,No,No,No,No,Don't know,No
28,Male,No,No,No,Never,6-25,No,Yes,Don't know,No,No,No,Yes,Very easy,No,No,Some of them,Yes,Maybe,Maybe,Yes,No
39,Male,No,No,Yes,Often,More than 1000,No,Yes,Yes,Not sure,No,No,Don't know,Somewhat easy,No,No,Yes,Yes,No,No,Don't know,No
29,Female,No,No,No,Sometimes,6-25,No,Yes,Don't know,No,No,Don't know,Don't know,Somewhat easy,Maybe,No,Some of them,No,No,No,Don't know,No
22,Male,No,No,No,Sometimes,6-25,Yes,Yes,Don't know,No,Don't know,No,Don't know,Somewhat easy,No,No,Some of them,Some of them,No,No,Don't know,No
38,Male,No,Yes,Yes,Sometimes,100-500,No,Yes,Don't know,No,Don't know,Don't know,Don't know,Don't know,Maybe,No,Some of them,Yes,No,No,Don't know,No
37,Male,Yes,No,Yes,Sometimes,More than 1000,No,No,No,Yes,Yes,Yes,Yes,Very difficult,Yes,Yes,Some of them,No,No,Maybe,Yes,No
35,Male,No,No,No,Never,26-100,Yes,No,Don't know,Not sure,Don't know,Don't know,Don't know,Don't know,Yes,No,Some of them,No,No,Maybe,Don't know,No
30,Female,No,Yes,No,Sometimes,More than 1000,Yes,Yes,Don't know,Not sure,No,Don't know,Don't know,Don't know,Maybe,Maybe,Some of them,Some of them,No,Maybe,Don't know,No
37,Male,No,Yes,Yes,Rarely,100-500,No,No,Yes,Yes,Yes,Yes,Don't know,Somewhat easy,Maybe,Maybe,Some of them,Yes,Maybe,Maybe,Don't know,No
24,Male,No,No,No,Never,6-25,No,Yes,No,No,No,No,Yes,Don't know,Maybe,Maybe,No,Some of them,No,No,Don't know,No
23,Male,No,No,No,Sometimes,6-25,No,No,No,No,No,No,No,Somewhat easy,Yes,Yes,No,No,No,No,No,No
30,Male,No,No,Yes,Rarely,100-500,No,Yes,No,Yes,Yes,Yes,Don't know,Somewhat easy,Yes,No,Some of them,No,No,No,No,Yes
29,Female,No,No,No,Sometimes,100-500,Yes,Yes,Don't know,Not sure,No,Don't know,Don't know,Don't know,Maybe,No,No,Some of them,No,Maybe,Don't know,No
19,Male,Yes,Yes,No,Sometimes,1-5,Yes,Yes,Don't know,Not sure,No,Yes,Yes,Somewhat easy,Maybe,No,Some of them,Some of them,Maybe,Maybe,Don't know,No
32,Male,No,Yes,No,Never,26-100,No,Yes,Don't know,Not sure,No,No,Don't know,Very easy,No,No,Some of them,Some of them,No,Maybe,No,No
28,Male,No,No,No,Rarely,6-25,Yes,Yes,No,No,No,No,Don't know,Don't know,No,No,Yes,Yes,Maybe,Yes,Yes,No
36,Male,No,No,No,Never,6-25,No,Yes,Don't know,Not sure,Don't know,Don't know,Don't know,Don't know,No,No,Some of them,Some of them,Maybe,Maybe,Don't know,No
37,Male,No,Yes,Yes,Rarely,More than 1000,No,No,Yes,Yes,Yes,Yes,Yes,Somewhat difficult,Yes,Maybe,Some of them,No,No,Yes,No,Yes
25,Male,No,Yes,Yes,Sometimes,26-100,No,No,Don't know,No,No,Don't know,Don't know,Somewhat difficult,Maybe,No,Some of them,Some of them,No,Maybe,No,No
27,Male,No,Yes,Yes,Sometimes,More than 1000,No,Yes,Don't know,No,No,Don't know,Don't know,Don't know,No,No,No,Some of them,No,Maybe,Don't know,No
26,Male,No,No,No,Often,26-100,No,No,Don't know,Not sure,No,No,Don't know,Don't know,Yes,Maybe,Some of them,Yes,No,Maybe,No,No
27,Male,No,No,Yes,Rarely,26-100,Yes,Yes,No,Yes,No,No,Don't know,Somewhat difficult,Maybe,No,Some of them,Yes,No,No,Don't know,Yes
25,Male,No,Yes,Yes,Sometimes,26-100,No,Yes,Don't know,Not sure,No,No,Don't know,Very easy,Maybe,No,Some of them,No,No,No,Don't know,Yes
36,Male,No,No,Yes,Sometimes,More than 1000,No,No,Yes,Yes,Yes,Yes,Yes,Somewhat easy,Maybe,Maybe,Some of them,Some of them,No,Maybe,Don't know,Yes
25,Female,No,Yes,Yes,Sometimes,500-1000,No,Yes,Yes,No,No,No,Don't know,Don't know,Yes,Yes,Some of them,Some of them,No,No,Don't know,No
31,Male,No,No,No,Never,More than 1000,No,Yes,Yes,No,No,Yes,Don't know,Don't know,No,No,Some of them,Some of them,No,No,Don't know,No
26,Male,No,Yes,No,Rarely,6-25,No,Yes,Don't know,No,No,No,Don't know,Don't know,Maybe,No,Some of them,Yes,No,No,Don't know,No
33,Female,Yes,Yes,Yes,Sometimes,1-5,No,Yes,No,Yes,Yes,Yes,Yes,Very difficult,No,No,Some of them,Yes,No,Yes,Yes,No
27,Female,Yes,Yes,No,Sometimes,1-5,Yes,Yes,No,Yes,No,No,Yes,Somewhat easy,No,No,Yes,Yes,No,Maybe,Yes,No
34,Male,No,No,No,Never,26-100,No,Yes,No,No,No,No,Don't know,Very easy,Maybe,No,Some of them,Some of them,No,Maybe,Don't know,No
42,Male,No,No,No,Sometimes,6-25,No,Yes,No,Yes,No,No,Don't know,Very difficult,Maybe,No,Yes,Yes,No,Maybe,No,No
23,Male,Yes,Yes,No,Sometimes,1-5,No,Yes,No,No,No,No,Don't know,Very difficult,Yes,No,No,No,No,Maybe,No,No
24,Male,No,No,No,Rarely,100-500,No,Yes,Don't know,Not sure,Yes,Don't know,Don't know,Very easy,Maybe,Maybe,Some of them,Some of them,No,Maybe,Don't know,No
26,Male,No,No,Yes,Sometimes,More than 1000,No,Yes,Yes,Yes,Don't know,Don't know,Yes,Somewhat easy,No,No,Yes,Yes,No,No,Don't know,No
31,Male,Yes,No,Yes,Often,6-25,No,Yes,Don't know,No,No,No,Don't know,Don't know,Maybe,No,Some of them,Yes,No,Maybe,Don't know,No
22,Male,No,No,Yes,Never,More than 1000,No,Yes,Don't know,Not sure,No,No,Don't know,Very difficult,Yes,Maybe,No,No,Maybe,Maybe,No,No
23,Female,No,No,No,Sometimes,6-25,No,Yes,Don't know,No,No,Don't know,Don't know,Don't know,Maybe,Maybe,Some of them,Yes,No,Maybe,Yes,No
34,Female,No,Yes,Yes,Sometimes,More than 1000,No,No,Yes,Yes,Yes,No,Don't know,Somewhat easy,No,No,Some of them,Yes,No,No,No,No
31,Male,No,No,No,Never,26-100,No,Yes,Don't know,Not sure,No,Don't know,Don't know,Don't know,Maybe,No,No,Some of them,No,Maybe,Don't know,No
28,Male,No,No,No,Sometimes,100-500,No,No,No,Not sure,No,Yes,Yes,Somewhat easy,No,No,Some of them,Some of them,Maybe,Maybe,Yes,No
32,Female,No,No,Yes,Often,6-25,Yes,Yes,Yes,Not sure,Don't know,Don't know,Yes,Very easy,No,No,Yes,Yes,No,No,Yes,Yes
45,Female,No,No,Yes,Sometimes,1-5,No,Yes,Yes,No,No,No,Yes,Somewhat difficult,No,No,Yes,Yes,No,No,Yes,No
33,Male,No,No,No,Sometimes,6-25,Yes,Yes,Don't know,No,No,No,Don't know,Very easy,No,No,Yes,Yes,No,Maybe,Don't know,No
29,Male,No,No,No,Never,6-25,Yes,Yes,No,No,No,No,No,Don't know,Maybe,Maybe,No,Yes,Maybe,Yes,No,No
26,Female,Yes,No,No,Sometimes,6-25,No,No,No,No,No,No,Don't know,Somewhat easy,Maybe,Maybe,Some of them,Some of them,No,No,Don't know,No
28,Female,No,No,No,Never,26-100,No,Yes,Don't know,No,No,Don't know,Yes,Somewhat easy,No,No,Yes,Yes,Maybe,Maybe,Don't know,No
45,Male,No,No,Yes,Sometimes,More than 1000,No,Yes,Don't know,Not sure,Don't know,Don't know,Don't know,Don't know,Yes,Yes,Some of them,Some of them,No,No,Don't know,No
43,Male,No,Yes,Yes,Often,More than 1000,Yes,Yes,Yes,Not sure,No,Don't know,Don't know,Very difficult,Yes,Maybe,No,No,No,No,No,No
37,Male,No,No,No,Sometimes,500-1000,Yes,Yes,Yes,No,No,No,Don't know,Don't know,Yes,No,Some of them,No,Maybe,Yes,No,No
24,Male,No,No,No,Sometimes,6-25,No,Yes,Don't know,No,No,Don't know,Don't know,Somewhat easy,Maybe,No,Some of them,Yes,Maybe,Yes,Yes,No
26,Male,No,No,No,Sometimes,6-25,Yes,Yes,No,Yes,No,No,Don't know,Somewhat easy,No,No,Some of them,No,No,Maybe,Yes,No
23,Male,No,Yes,No,Sometimes,1-5,Yes,Yes,Don't know,No,No,No,Don't know,Don't know,No,No,Some of them,Yes,Maybe,Yes,Don't know,No
35,Female,No,Yes,Yes,Never,More than 1000,No,Yes,Yes,Not sure,Don't know,No,Yes,Somewhat easy,Maybe,No,No,No,No,No,Don't know,No
38,Female,Yes,Yes,Yes,Often,1-5,Yes,Yes,No,Yes,No,No,Yes,Somewhat easy,Maybe,Maybe,Some of them,Some of them,No,Maybe,Don't know,Yes
28,Male,No,Yes,Yes,Sometimes,26-100,No,Yes,Yes,No,No,No,Don't know,Somewhat easy,Maybe,Maybe,Some of them,No,No,Maybe,No,No
28,Male,No,No,No,Sometimes,26-100,No,Yes,No,No,No,No,Don't know,Don't know,Yes,Maybe,No,No,No,Maybe,Don't know,No
35,Male,No,No,Yes,Rarely,6-25,No,Yes,No,No,No,No,Yes,Don't know,No,No,Some of them,Yes,No,No,Don't know,No
32,Female,No,No,No,Sometimes,100-500,No,Yes,No,No,No,No,Don't know,Very difficult,Yes,Yes,Some of them,No,No,No,No,Yes
31,Male,Yes,Yes,No,Never,6-25,No,Yes,No,No,No,No,Don't know,Somewhat easy,Maybe,Maybe,Some of them,Some of them,No,Maybe,Don't know,No
35,Female,No,No,No,Never,500-1000,Yes,Yes,Don't know,Not sure,No,No,Don't know,Don't know,Maybe,Maybe,Some of them,No,No,No,Don't know,No
26,Male,No,No,No,Rarely,More than 1000,No,Yes,Yes,No,No,No,Yes,Somewhat easy,No,No,Some of them,Yes,No,Maybe,No,No
27,Male,No,Yes,No,Sometimes,6-25,Yes,Yes,Yes,Yes,No,No,Don't know,Somewhat easy,Maybe,Maybe,Some of them,Some of them,No,Maybe,Yes,No
28,Male,No,Yes,Yes,Sometimes,More than 1000,No,Yes,Don't know,No,No,No,Don't know,Don't know,Maybe,Maybe,Some of them,No,No,Maybe,Don't know,No
27,Female,No,Yes,Yes,Sometimes,26-100,No,Yes,Yes,No,No,No,Don't know,Very easy,No,No,Some of them,Some of them,No,No,Yes,No
34,Female,No,No,Yes,Sometimes,500-1000,No,No,Yes,Yes,Yes,Yes,Yes,Somewhat easy,Maybe,No,Some of them,Yes,No,No,Yes,No
41,Male,No,No,Yes,Often,6-25,Yes,Yes,No,Not sure,No,No,Don't know,Very difficult,Maybe,Maybe,Some of them,Some of them,Maybe,Maybe,Don't know,No
37,Male,No,No,No,Sometimes,1-5,No,Yes,No,Yes,No,No,Don't know,Very difficult,Yes,No,No,No,No,Yes,Don't know,No
34,Male,No,Yes,No,Sometimes,100-500,Yes,Yes,Don't know,No,Don't know,Don't know,Don't know,Very easy,No,No,Yes,Yes,No,No,Yes,No
32,Male,No,Yes,Yes,Sometimes,100-500,Yes,Yes,Don't know,Not sure,No,No,Don't know,Somewhat difficult,Yes,Maybe,No,No,No,No,No,Yes
21,Male,No,No,Yes,Sometimes,6-25,Yes,Yes,No,Yes,No,No,Don't know,Somewhat difficult,No,No,Some of them,Some of them,Maybe,Maybe,Yes,No
30,Male,No,No,Yes,Often,26-100,No,Yes,No,Yes,No,No,Yes,Somewhat easy,Maybe,No,Yes,Yes,No,Maybe,Don't know,No
24,Male,No,No,No,Never,26-100,No,Yes,Don't know,Not sure,No,Don't know,Don't know,Don't know,No,No,Some of them,Yes,No,No,Don't know,No
26,Male,No,No,No,Sometimes,100-500,No,Yes,No,No,No,No,No,Very easy,Yes,Maybe,No,No,No,Maybe,Don't know,No
40,Female,No,No,No,Sometimes,26-100,No,Yes,Yes,Yes,Yes,Yes,Yes,Somewhat easy,No,No,Some of them,Yes,No,No,Yes,No
37,Male,No,Yes,No,Sometimes,26-100,No,No,No,No,No,No,Don't know,Don't know,Yes,Maybe,Some of them,Yes,No,Maybe,Don't know,No
26,Male,Yes,No,Yes,Often,1-5,Yes,Yes,No,No,No,No,Don't know,Don't know,Yes,No,No,No,No,Maybe,Don't know,No
32,Female,No,Yes,Yes,Sometimes,6-25,No,Yes,Don't know,No,No,No,No,Don't know,Yes,Maybe,Some of them,Some of them,No,Maybe,No,Yes
32,Female,No,No,Yes,Sometimes,100-500,No,No,Yes,Yes,Don't know,Don't know,Yes,Very easy,No,No,Yes,Yes,No,Yes,Yes,No
27,Female,Yes,Yes,Yes,Sometimes,1-5,Yes,Yes,No,No,Don't know,Don't know,Don't know,Very difficult,No,No,Some of them,No,No,No,Don't know,No
30,Male,Yes,No,Yes,Often,6-25,Yes,Yes,Yes,Yes,No,No,Yes,Very difficult,No,No,Some of them,Yes,Maybe,Yes,Yes,No
31,Male,Yes,No,No,Sometimes,6-25,No,Yes,Yes,Yes,No,Don't know,Yes,Very easy,No,No,Some of them,Some of them,No,No,Yes,No
29,Female,No,No,Yes,Never,500-1000,No,No,Yes,No,No,Don't know,Don't know,Somewhat difficult,Maybe,No,Some of them,No,No,No,Don't know,No
41,Male,No,No,No,Sometimes,26-100,No,Yes,Yes,Not sure,No,No,Don't know,Very easy,Yes,No,No,Some of them,No,No,Don't know,No
34,Female,No,No,No,Sometimes,6-25,No,Yes,Yes,No,No,No,Don't know,Somewhat easy,No,No,Yes,Yes,Maybe,Maybe,Yes,No
33,Male,No,No,No,Sometimes,26-100,No,Yes,Don't know,No,No,No,Don't know,Don't know,No,No,Yes,Yes,Yes,Yes,Don't know,No
28,Male,No,No,No,Rarely,6-25,No,Yes,Don't know,No,No,No,Don't know,Don't know,No,No,Some of them,Some of them,No,Maybe,Don't know,No
28,Male,No,No,Yes,Sometimes,More than 1000,No,Yes,No,Yes,No,No,Yes,Very difficult,Yes,No,No,Some of them,No,No,No,No
23,Male,No,No,No,Never,26-100,No,Yes,Don't know,Not sure,Don't know,Don't know,Don't know,Don't know,No,No,No,Yes,No,Yes,Yes,No
24,Male,No,No,No,Sometimes,1-5,No,Yes,Don't know,No,Don't know,No,Yes,Very easy,No,No,Yes,Yes,Maybe,Yes,Yes,No
32,Male,No,No,No,Rarely,1-5,Yes,Yes,No,Yes,No,No,Don't know,Very difficult,No,No,Some of them,Yes,No,Maybe,Yes,No
34,Male,Yes,No,No,Sometimes,1-5,Yes,Yes,Don't know,Not sure,Yes,Yes,Don't know,Somewhat difficult,Yes,Yes,No,No,No,Maybe,Yes,No
24,Male,No,No,No,Never,6-25,No,Yes,Yes,Not sure,No,Don't know,Don't know,Very easy,Maybe,No,Some of them,No,Maybe,Maybe,Yes,No
26,Male,Yes,No,Yes,Sometimes,1-5,No,Yes,No,Yes,No,No,Don't know,Don't know,Maybe,No,Some of them,Some of them,No,Maybe,Yes,No
36,Male,No,No,Yes,Sometimes,26-100,No,Yes,Yes,No,No,Yes,Don't know,Don't know,Maybe,No,Some of them,Some of them,No,Maybe,Don't know,Yes
41,Male,No,No,Yes,Rarely,500-1000,Yes,Yes,Yes,Yes,No,Don't know,Don't know,Don't know,Maybe,Maybe,Some of them,No,Maybe,Maybe,No,No
38,Male,No,No,Yes,Sometimes,More than 1000,No,No,Don't know,Not sure,Don't know,Don't know,Don't know,Very difficult,Yes,No,No,No,No,Maybe,No,No
38,Male,No,No,No,Sometimes,26-100,Yes,Yes,Don't know,Not sure,No,Don't know,Don't know,Don't know,Maybe,Maybe,Some of them,Yes,No,Maybe,No,No
30,Male,No,No,No,Sometimes,26-100,No,Yes,Don't know,No,Don't know,Don't know,Yes,Somewhat easy,No,No,Some of them,Some of them,No,No,Yes,No
25,Male,No,No,No,Never,26-100,No,Yes,No,No,No,No,Don't know,Somewhat difficult,Yes,Maybe,No,No,No,Maybe,No,No
37,Male,No,Yes,Yes,Often,26-100,No,Yes,Yes,Yes,No,Don't know,Don't know,Don't know,Maybe,No,Some of them,Some of them,No,Yes,Don't know,No
34,Male,No,Yes,No,Sometimes,6-25,No,Yes,No,No,No,No,Yes,Somewhat difficult,No,No,Some of them,Yes,No,Yes,No,Yes
37,Female,No,Yes,Yes,Sometimes,More than 1000,No,No,Yes,Yes,Yes,Yes,Yes,Somewhat easy,No,No,Some of them,Some of them,No,Maybe,Yes,No
28,Female,No,Yes,Yes,Sometimes,6-25,No,No,Yes,Yes,Yes,Yes,Yes,Don't know,No,No,Some of them,Yes,No,No,No,Yes
22,Male,No,No,No,Sometimes,6-25,No,Yes,Don't know,No,No,No,Don't know,Don't know,No,No,Some of them,Yes,Maybe,Maybe,No,No
34,Male,No,Yes,Yes,Sometimes,1-5,No,Yes,No,No,No,No,Don't know,Somewhat difficult,Maybe,No,Some of them,Some of them,No,Maybe,No,Yes
33,Male,No,Yes,Yes,Sometimes,26-100,No,Yes,Yes,Yes,Yes,Yes,Yes,Somewhat easy,No,No,Some of them,Yes,No,No,Don't know,No
25,Male,No,No,No,Sometimes,6-25,No,Yes,No,No,No,No,Yes,Somewhat difficult,Maybe,No,Some of them,Yes,No,Yes,No,No
27,Male,No,No,No,Never,More than 1000,Yes,Yes,Yes,Yes,Don't know,Don't know,Yes,Somewhat easy,No,No,Some of them,Yes,Maybe,Maybe,Yes,No
40,Male,No,No,Yes,Sometimes,More than 1000,Yes,Yes,Yes,Yes,Yes,Yes,Yes,Don't know,Yes,Maybe,No,No,No,Maybe,No,Yes
21,Male,No,No,Yes,Often,6-25,No,No,Don't know,No,No,Don't know,Don't know,Don't know,Maybe,No,No,No,No,Maybe,Don't know,No
29,Male,No,No,No,Sometimes,6-25,No,No,No,No,No,No,Yes,Very easy,No,No,Yes,Yes,Maybe,Yes,Yes,No
32,Male,No,Yes,Yes,Sometimes,1-5,Yes,Yes,No,No,No,No,Don't know,Don't know,Maybe,No,Yes,Yes,No,Yes,Don't know,No
29,Female,No,Yes,Yes,Rarely,500-1000,Yes,No,Yes,Yes,Yes,Don't know,Yes,Don't know,Maybe,No,Some of them,No,Maybe,Yes,Don't know,No
23,Male,No,Yes,Yes,Sometimes,26-100,Yes,No,Don't know,No,No,Don't know,Yes,Somewhat easy,Maybe,No,Some of them,Some of them,No,Yes,Yes,No
28,Male,No,Yes,No,Sometimes,100-500,No,Yes,Yes,No,No,Don't know,Yes,Somewhat easy,No,No,Some of them,Yes,No,Maybe,Yes,Yes
31,Male,No,Yes,Yes,Rarely,100-500,Yes,Yes,Yes,Yes,Yes,Don't know,Yes,Very easy,No,No,Some of them,Yes,No,Maybe,Yes,No
27,Male,No,No,No,Sometimes,100-500,No,No,Don't know,Not sure,Don't know,Don't know,No,Very easy,Maybe,Maybe,Yes,Yes,No,No,Don't know,No
24,Male,No,No,No,Sometimes,6-25,No,Yes,Don't know,No,Don't know,Don't know,Don't know,Don't know,No,No,Yes,Yes,Maybe,Maybe,Don't know,No
29,Male,No,No,No,Often,6-25,No,Yes,No,No,No,No,Don't know,Somewhat difficult,Yes,No,No,No,No,Maybe,Don't know,No
23,Female,No,No,Yes,Sometimes,6-25,No,Yes,Don't know,Not sure,Don't know,Don't know,Don't know,Don't know,Maybe,Maybe,Some of them,Some of them,No,Maybe,Yes,No
42,Male,No,No,No,Never,6-25,Yes,Yes,No,Yes,No,Yes,Don't know,Somewhat easy,No,No,Some of them,Yes,No,No,Yes,No
24,Male,No,No,No,Sometimes,1-5,No,Yes,No,No,No,No,Don't know,Don't know,Yes,No,Some of them,Some of them,No,Yes,No,No
25,Male,No,Yes,Yes,Often,6-25,No,Yes,No,Yes,No,No,No,Very difficult,Yes,Maybe,No,No,No,Yes,No,Yes
27,Female,No,No,Yes,Rarely,6-25,No,Yes,Yes,No,No,No,Yes,Don't know,Maybe,Maybe,Yes,No,No,Maybe,Don't know,No
27,Male,No,No,No,Sometimes,6-25,Yes,Yes,No,Yes,No,No,No,Very difficult,Yes,Yes,Some of them,Some of them,No,Maybe,No,No
30,Male,No,No,Yes,Sometimes,100-500,Yes,Yes,Yes,Yes,No,Yes,Yes,Don't know,No,No,Yes,Yes,Maybe,No,Yes,No
29,Male,No,Yes,Yes,Rarely,6-25,No,Yes,No,Yes,No,No,Yes,Very difficult,Maybe,No,Some of them,Some of them,No,Yes,No,No
43,Male,Yes,No,No,Sometimes,6-25,Yes,Yes,No,Not sure,No,No,Don't know,Somewhat easy,Maybe,No,Yes,Yes,Yes,Yes,Don't know,No
32,Male,No,No,No,Sometimes,6-25,No,Yes,No,Yes,No,Don't know,Don't know,Very easy,No,No,Some of them,Yes,No,Maybe,Don't know,No
41,Male,No,No,Yes,Sometimes,26-100,Yes,Yes,Yes,Yes,Don't know,No,Don't know,Very easy,No,No,Yes,Yes,Yes,Yes,Yes,No
32,Male,Yes,Yes,Yes,Sometimes,1-5,Yes,Yes,Don't know,Not sure,Don't know,Don't know,Don't know,Very easy,Maybe,Maybe,Yes,Some of them,Maybe,Maybe,Don't know,Yes
37,Female,No,Yes,Yes,Often,26-100,No,Yes,Yes,Yes,No,No,Yes,Don't know,Maybe,No,Some of them,Some of them,No,Yes,Don't know,No
32,Male,No,No,No,Never,6-25,Yes,Yes,No,No,No,No,Don't know,Very easy,No,No,Yes,Yes,No,No,Don't know,No
30,Male,Yes,No,No,Sometimes,1-5,Yes,Yes,No,No,No,No,Don't know,Somewhat difficult,No,No,Some of them,Some of them,No,Maybe,No,No
23,Female,No,Yes,Yes,Never,100-500,No,No,Yes,No,Don't know,Don't know,Yes,Don't know,No,No,Some of them,Yes,Maybe,Maybe,Yes,No
30,Male,No,No,No,Sometimes,More than 1000,No,Yes,Yes,Yes,Yes,Yes,Yes,Very easy,No,No,Some of them,Yes,No,No,Yes,No
34,Male,No,No,No,Sometimes,26-100,No,Yes,No,Yes,No,No,Don't know,Somewhat easy,Maybe,Maybe,Yes,Some of them,No,No,Don't know,No
38,Male,No,No,Yes,Rarely,26-100,Yes,Yes,Yes,No,No,No,Don't know,Don't know,Yes,No,No,No,No,Maybe,No,No
33,Male,No,No,No,Sometimes,100-500,No,Yes,Yes,No,Yes,Yes,Yes,Don't know,No,No,Some of them,Yes,No,No,Don't know,No
34,Male,No,No,No,Sometimes,26-100,No,No,Yes,No,No,No,Don't know,Don't know,Maybe,No,Some of them,No,No,No,Don't know,No
28,Male,No,No,No,Sometimes,6-25,No,Yes,No,Yes,No,No,Don't know,Somewhat easy,Maybe,Maybe,No,Some of them,No,No,Don't know,No
28,Male,No,No,Yes,Rarely,100-500,No,No,Yes,Yes,Yes,Don't know,Don't know,Very easy,Maybe,No,Some of them,Some of them,No,No,Yes,No
23,Male,No,Yes,No,Sometimes,100-500,No,Yes,Don't know,No,No,Don't know,Don't know,Don't know,Maybe,No,Some of them,No,No,Maybe,No,No
22,Male,Yes,Yes,Yes,Sometimes,6-25,Yes,Yes,Don't know,Not sure,Yes,Yes,Don't know,Somewhat easy,Maybe,No,Some of them,Yes,No,Yes,No,Yes
27,Male,No,No,No,Never,6-25,No,Yes,No,No,No,No,Yes,Don't know,Yes,No,No,No,No,Maybe,Don't know,No
18,Male,No,No,Yes,Sometimes,6-25,No,Yes,Don't know,No,No,Don't know,Don't know,Don't know,Yes,No,No,No,No,Maybe,Don't know,No
35,Male,No,Yes,Yes,Sometimes,26-100,No,Yes,Yes,Yes,No,No,Yes,Somewhat difficult,Yes,No,No,Some of them,No,Maybe,Don't know,No
25,Male,No,No,No,Sometimes,100-500,No,No,Don't know,Not sure,No,No,Don't know,Don't know,No,No,Some of them,Some of them,No,Yes,No,No
27,Male,No,Yes,Yes,Sometimes,6-25,No,Yes,No,No,No,No,Yes,Somewhat easy,Maybe,Maybe,Yes,Yes,Yes,Yes,Yes,No
26,Female,No,Yes,Yes,Rarely,More than 1000,No,Yes,Yes,Not sure,Don't know,Don't know,Don't know,Don't know,Maybe,No,Some of them,Some of them,No,No,Don't know,No
18,Male,No,No,No,Never,26-100,No,Yes,Don't know,Not sure,Don't know,Don't know,Don't know,Very easy,No,No,Some of them,Some of them,No,Maybe,Yes,No
38,Female,No,No,Yes,Sometimes,1-5,No,Yes,No,Yes,No,No,Don't know,Don't know,No,Maybe,Some of them,No,No,No,Don't know,Yes
26,Female,No,Yes,Yes,Rarely,More than 1000,Yes,Yes,Yes,Yes,Yes,Don't know,Don't know,Somewhat easy,Maybe,No,Some of them,No,No,No,Don't know,No
30,Male,Yes,No,No,Never,1-5,No,Yes,No,No,No,No,No,Somewhat easy,No,No,Yes,Yes,No,No,Yes,No
35,Male,No,No,No,Never,More than 1000,No,Yes,Don't know,No,No,Don't know,Don't know,Don't know,Yes,Maybe,Some of them,Some of them,No,No,Don't know,No
45,Male,No,Yes,Yes,Sometimes,More than 1000,No,Yes,Yes,Yes,Don't know,Don't know,Yes,Don't know,Maybe,No,Some of them,Some of them,No,Maybe,Don't know,No
32,Male,No,No,No,Never,More than 1000,No,Yes,Yes,No,No,Don't know,Don't know,Don't know,Maybe,No,Some of them,Some of them,No,No,Don't know,No
56,Male,No,No,Yes,Never,More than 1000,No,Yes,Yes,Not sure,Don't know,Don't know,Don't know,Don't know,No,Maybe,Yes,Some of them,No,Maybe,Don't know,No
24,Female,No,No,No,Sometimes,500-1000,No,Yes,Don't know,Not sure,No,Don't know,Don't know,Don't know,Maybe,Maybe,Some of them,No,No,Maybe,No,No
30,Female,No,Yes,Yes,Sometimes,26-100,No,Yes,Yes,Yes,Yes,Don't know,Don't know,Very easy,No,No,Yes,Yes,No,Yes,Yes,No
60,Male,No,No,No,Sometimes,More than 1000,No,Yes,Yes,No,Don't know,Yes,Don't know,Don't know,No,No,Some of them,Yes,Maybe,Maybe,Yes,No
33,Male,No,Yes,Yes,Sometimes,More than 1000,No,Yes,Yes,No,Yes,Yes,Don't know,Don't know,Yes,No,No,No,No,Maybe,Don't know,No
37,Male,No,No,No,Never,More than 1000,No,Yes,Yes,Yes,Yes,Yes,Don't know,Don't know,No,No,Some of them,Yes,Maybe,Maybe,Don't know,No
23,Female,No,No,Yes,Sometimes,More than 1000,No,Yes,Yes,Yes,Yes,Yes,Don't know,Don't know,No,No,Some of them,Some of them,No,No,Yes,No
31,Female,No,No,Yes,Sometimes,More than 1000,No,Yes,Yes,Not sure,Don't know,Don't know,Yes,Somewhat easy,No,No,Yes,Yes,No,No,Yes,No
26,Male,No,No,No,Rarely,100-500,No,Yes,Yes,Not sure,No,Don't know,Don't know,Don't know,No,No,Some of them,Yes,No,Maybe,Don't know,No
28,Female,No,Yes,Yes,Often,100-500,Yes,No,Yes,Yes,Yes,Yes,Yes,Somewhat easy,Yes,No,Some of them,Yes,No,No,Yes,No
37,Female,No,No,Yes,Rarely,More than 1000,No,Yes,Yes,Yes,Don't know,Yes,Don't know,Somewhat easy,No,No,Some of them,Yes,No,No,Yes,No
26,Male,No,Yes,Yes,Often,6-25,No,Yes,Yes,No,No,Don't know,Don't know,Don't know,Maybe,No,Some of them,Some of them,Maybe,Maybe,Yes,No
30,Other,No,Yes,Yes,Rarely,26-100,No,Yes,Yes,Not sure,No,No,Don't know,Somewhat easy,Maybe,No,Some of them,Yes,No,No,Don't know,No
26,Male,No,No,No,Sometimes,26-100,No,Yes,No,No,No,No,Don't know,Don't know,No,No,Some of them,Some of them,No,No,Don't know,Yes
25,Male,No,No,No,Sometimes,26-100,Yes,Yes,Don't know,Not sure,No,Don't know,Don't know,Don't know,No,No,Some of them,Yes,No,No,Don't know,No
27,Male,No,No,No,Sometimes,100-500,No,Yes,Yes,Not sure,Yes,Yes,Don't know,Don't know,Maybe,No,Some of them,Yes,No,Maybe,Don't know,No
25,Male,No,No,Yes,Often,6-25,Yes,No,Don't know,No,No,Don't know,Don't know,Somewhat difficult,Yes,Maybe,No,No,No,Maybe,Don't know,No
35,Male,No,No,Yes,Rarely,100-500,No,Yes,Yes,Not sure,Don't know,Yes,Don't know,Don't know,No,No,Some of them,Yes,No,No,Don't know,No
36,Male,Yes,No,Yes,Never,1-5,No,Yes,No,Yes,No,No,Don't know,Somewhat easy,Maybe,No,Some of them,Yes,No,No,Yes,No
26,Male,No,Yes,Yes,Sometimes,More than 1000,No,Yes,Yes,Not sure,No,Don't know,Don't know,Don't know,Yes,No,No,No,No,No,No,No
27,Male,No,Yes,No,Sometimes,More than 1000,No,Yes,Don't know,No,Don't know,Don't know,Don't know,Very easy,No,No,Yes,Yes,Maybe,Maybe,Yes,No
30,Male,No,No,No,Sometimes,6-25,No,No,Don't know,Not sure,No,Don't know,Don't know,Don't know,Maybe,Maybe,Some of them,Some of them,No,No,Don't know,No
29,Male,No,No,No,Sometimes,100-500,No,No,Don't know,Not sure,No,Don't know,Don't know,Don't know,Maybe,No,No,No,No,Maybe,Don't know,No
25,Male,No,No,No,Never,More than 1000,No,No,Yes,Yes,Yes,Yes,Yes,Very easy,No,No,Some of them,Yes,Maybe,Maybe,Yes,No
22,Female,No,Yes,Yes,Often,More than 1000,No,Yes,Yes,Yes,Yes,Yes,Yes,Somewhat easy,Maybe,No,No,Some of them,No,No,Yes,Yes
29,Male,No,No,No,Sometimes,26-100,No,Yes,No,Yes,No,No,Don't know,Somewhat easy,Maybe,Maybe,Some of them,Some of them,No,No,Don't know,No
41,Male,No,Yes,Yes,Rarely,100-500,Yes,Yes,Yes,Yes,Don't know,Yes,Yes,Somewhat easy,No,No,Some of them,Yes,Maybe,Maybe,Yes,No
29,Male,No,No,Yes,Sometimes,More than 1000,No,Yes,Yes,No,No,Don't know,Don't know,Don't know,Yes,No,Some of them,Some of them,No,Maybe,No,No
32,Male,No,No,No,Never,500-1000,No,Yes,Yes,Not sure,Don't know,Yes,Yes,Somewhat easy,No,No,Some of them,Yes,Maybe,Maybe,Yes,No
24,Female,No,Yes,Yes,Sometimes,More than 1000,No,Yes,Yes,Yes,No,Yes,Yes,Don't know,Maybe,No,Some of them,No,No,Maybe,Don't know,No
25,Male,No,No,Yes,Rarely,6-25,No,Yes,Yes,No,Don't know,No,Don't know,Don't know,Maybe,No,No,No,No,No,Don't know,No
25,Male,No,No,No,Sometimes,More than 1000,No,Yes,Don't know,Not sure,Don't know,Don't know,Don't know,Don't know,Maybe,No,No,No,No,Maybe,Don't know,No
30,Female,No,No,No,Never,More than 1000,No,Yes,Yes,Yes,Yes,Yes,Yes,Somewhat easy,Maybe,Maybe,No,Some of them,No,No,Don't know,No
25,Male,No,Yes,Yes,Sometimes,More than 1000,No,Yes,Don't know,Not sure,Don't know,Yes,Don't know,Don't know,No,No,Yes,Yes,No,No,Yes,No
30,Male,Yes,No,No,Never,1-5,Yes,Yes,No,Yes,No,No,Don't know,Don't know,Maybe,No,Some of them,Some of them,No,Maybe,Don't know,No
33,Male,Yes,Yes,Yes,Rarely,1-5,No,No,No,No,No,No,Don't know,Somewhat difficult,Yes,Yes,No,No,Maybe,No,Yes,Yes
24,Male,No,No,No,Sometimes,26-100,No,Yes,Yes,Not sure,Yes,Yes,Yes,Very easy,No,No,Some of them,Some of them,No,Maybe,Yes,No
25,Male,No,Yes,Yes,Sometimes,More than 1000,No,Yes,Yes,Yes,No,Don't know,Don't know,Don't know,Yes,Maybe,Some of them,No,No,No,No,No
31,Male,No,No,No,Sometimes,100-500,No,No,Don't know,No,No,No,Yes,Somewhat easy,Maybe,No,No,No,No,Yes,No,No
45,Male,Yes,No,Yes,Often,1-5,No,Yes,No,No,No,No,Don't know,Very difficult,No,No,No,No,No,No,Don't know,No
29,Male,No,No,No,Sometimes,6-25,Yes,No,No,Yes,No,No,Don't know,Don't know,Maybe,Maybe,Some of them,Some of them,Maybe,Maybe,No,No
46,Male,No,No,No,Never,26-100,No,Yes,Yes,Not sure,Yes,Don't know,Don't know,Very easy,No,No,Some of them,Some of them,Maybe,Maybe,Don't know,No
30,Male,No,No,Yes,Sometimes,26-100,No,Yes,Don't know,No,No,Don't know,Don't know,Don't know,Yes,Maybe,No,No,No,Maybe,Don't know,No
29,Female,Yes,No,No,Sometimes,More than 1000,No,Yes,Yes,Not sure,Don't know,No,Don't know,Very easy,Maybe,Maybe,Some of them,Some of them,No,No,Don't know,No
24,Male,No,No,No,Sometimes,More than 1000,No,Yes,Yes,Yes,Don't know,Don't know,Yes,Don't know,Yes,No,No,No,No,Maybe,Don't know,No
29,Male,No,No,No,Sometimes,26-100,No,Yes,Yes,Yes,Yes,Yes,Yes,Very easy,No,No,Some of them,Yes,No,Maybe,Yes,No
35,Male,No,No,No,Sometimes,26-100,No,No,Don't know,Not sure,No,Don't know,Don't know,Don't know,No,No,Yes,Yes,No,No,No,No
33,Female,No,Yes,No,Sometimes,26-100,Yes,Yes,No,Yes,No,No,Don't know,Very difficult,Yes,Maybe,Some of them,Some of them,No,Maybe,No,No
27,Male,No,No,No,Sometimes,More than 1000,No,Yes,Don't know,Not sure,Don't know,Don't know,Don't know,Very easy,Yes,No,No,No,No,Maybe,No,No
36,Male,No,No,No,Sometimes,More than 1000,No,Yes,Don't know,Not sure,Don't know,Don't know,Don't know,Don't know,Maybe,No,Some of them,Some of them,No,No,Don't know,No
33,Male,No,No,No,Rarely,1-5,Yes,Yes,Don't know,No,No,No,Don't know,Don't know,Yes,Maybe,No,No,No,Maybe,No,No
25,Female,No,Yes,Yes,Sometimes,26-100,No,Yes,Yes,Yes,No,No,Yes,Don't know,No,No,Some of them,Yes,No,No,Don't know,No
23,Male,No,Yes,Yes,Sometimes,100-500,No,No,Don't know,No,No,No,Don't know,Don't know,No,No,Yes,Yes,Maybe,Yes,Don't know,No
54,Male,No,Yes,Yes,Never,More than 1000,No,Yes,Don't know,No,Yes,Yes,Don't know,Don't know,No,No,No,Yes,No,No,Don't know,No
22,Male,No,No,No,Sometimes,More than 1000,No,Yes,Don't know,No,Don't know,Don't know,Don't know,Don't know,Maybe,No,Some of them,No,No,Maybe,Don't know,No
25,Other,No,Yes,Yes,Sometimes,More than 1000,No,Yes,Yes,Yes,Don't know,Don't know,Don't know,Don't know,Maybe,No,Some of them,Some of them,No,No,Yes,No
29,Male,No,No,No,Often,6-25,No,No,Don't know,No,No,No,Don't know,Don't know,Maybe,No,Yes,Yes,Maybe,Maybe,Don't know,No
27,Male,No,No,Yes,Sometimes,More than 1000,No,Yes,Yes,Yes,Yes,Yes,Yes,Don't know,No,No,No,No,No,Yes,Yes,No
30,Male,No,No,No,Never,6-25,No,Yes,No,No,No,Don't know,Don't know,Very easy,No,No,Some of them,Yes,No,Maybe,Yes,No
26,Male,No,Yes,Yes,Often,More than 1000,No,Yes,Yes,Not sure,Don't know,Yes,Don't know,Don't know,Maybe,No,Some of them,No,No,No,Don't know,No
25,Female,No,Yes,No,Sometimes,6-25,No,Yes,Yes,Yes,Yes,No,Don't know,Somewhat easy,No,No,Some of them,Yes,No,No,No,No
31,Male,No,No,Yes,Sometimes,500-1000,No,No,No,Yes,No,Don't know,Yes,Don't know,No,No,Some of them,No,No,No,No,No
33,Male,No,Yes,Yes,Sometimes,26-100,No,Yes,Don't know,Not sure,No,No,Don't know,Don't know,Maybe,No,Some of them,Some of them,No,No,Don't know,No
34,Male,No,Yes,Yes,Sometimes,More than 1000,No,Yes,Yes,Yes,Don't know,Yes,Yes,Don't know,Maybe,Maybe,No,No,No,No,Don't know,No
34,Male,No,No,Yes,Sometimes,100-500,Yes,Yes,No,No,No,No,Don't know,Somewhat easy,Yes,Yes,Some of them,Some of them,No,Maybe,Don't know,No
29,Male,Yes,No,No,Sometimes,1-5,Yes,Yes,No,Yes,No,No,Yes,Very easy,No,No,Yes,Yes,Maybe,Maybe,Yes,No
33,Female,No,No,No,Sometimes,6-25,No,Yes,No,No,No,No,Don't know,Somewhat difficult,Maybe,No,Some of them,Some of them,No,No,Don't know,No
34,Male,Yes,Yes,Yes,Rarely,26-100,Yes,Yes,No,No,No,Don't know,Don't know,Somewhat difficult,No,No,Yes,Yes,No,Maybe,Yes,No
26,Male,Yes,Yes,Yes,Rarely,100-500,Yes,No,No,No,No,Don't know,No,Don't know,Maybe,No,Some of them,Yes,No,Yes,No,No
32,Male,No,Yes,Yes,Rarely,More than 1000,No,No,Yes,Yes,Yes,Yes,Yes,Don't know,No,No,Some of them,Yes,No,Yes,Yes,No
28,Male,No,Yes,Yes,Sometimes,More than 1000,No,Yes,Don't know,Not sure,No,Don't know,Don't know,Somewhat difficult,Maybe,Maybe,No,No,No,No,No,No
35,Male,No,Yes,No,Sometimes,More than 1000,No,Yes,Yes,No,Yes,Yes,Yes,Very easy,No,No,Some of them,Yes,No,No,Don't know,No
36,Male,No,Yes,Yes,Often,100-500,No,Yes,No,Yes,No,No,Yes,Very easy,No,No,Some of them,Some of them,No,No,Don't know,No
21,Male,No,Yes,Yes,Rarely,100-500,No,Yes,Yes,No,No,Don't know,Yes,Don't know,No,No,Yes,Yes,Maybe,Maybe,Don't know,No
21,Male,No,No,Yes,Sometimes,6-25,No,No,Don't know,Not sure,No,No,No,Very easy,Yes,No,Some of them,No,No,Maybe,No,No
22,Female,No,No,No,Sometimes,More than 1000,No,Yes,Yes,No,Yes,Yes,Yes,Somewhat easy,No,No,No,Some of them,No,No,Yes,No
41,Male,No,Yes,Yes,Often,More than 1000,No,Yes,Yes,No,Yes,Yes,Don't know,Somewhat difficult,Maybe,No,Yes,Some of them,No,Maybe,No,Yes
55,Male,No,Yes,Yes,Rarely,More than 1000,No,Yes,Yes,Yes,Yes,Yes,Yes,Very easy,No,No,Yes,Yes,No,No,Yes,No
32,Female,No,No,Yes,Sometimes,26-100,No,Yes,Yes,Yes,Yes,Yes,Yes,Somewhat easy,Maybe,No,Some of them,Yes,No,Maybe,Yes,No
21,Female,No,Yes,Yes,Rarely,26-100,No,Yes,Don't know,Not sure,Don't know,No,Don't know,Somewhat easy,Yes,No,Some of them,No,No,Yes,Don't know,No
45,Male,No,No,Yes,Never,26-100,Yes,Yes,Yes,Yes,Don't know,Don't know,Don't know,Don't know,Maybe,No,No,Some of them,No,Maybe,Don't know,No
27,Female,No,No,Yes,Rarely,More than 1000,No,Yes,Yes,Yes,No,No,Yes,Don't know,Yes,Maybe,No,No,No,No,No,No
25,Female,No,Yes,Yes,Sometimes,26-100,Yes,Yes,Don't know,No,No,No,Don't know,Don't know,Maybe,No,Some of them,Yes,No,No,Yes,No
34,Female,No,Yes,Yes,Rarely,More than 1000,No,No,Yes,Yes,Yes,Yes,Yes,Very difficult,Maybe,Maybe,Some of them,Some of them,No,No,Yes,No
26,Female,No,Yes,Yes,Never,More than 1000,No,Yes,Yes,Yes,No,Yes,Yes,Don't know,Maybe,No,No,No,No,No,Don't know,No
41,Male,No,No,Yes,Never,500-1000,No,Yes,Yes,Not sure,No,Don't know,Don't know,Somewhat easy,No,No,Some of them,Some of them,No,No,Don't know,No
27,Male,No,No,Yes,Rarely,More than 1000,No,Yes,Yes,No,Yes,Yes,Yes,Don't know,No,No,Some of them,Yes,No,Maybe,Yes,No
31,Male,No,Yes,Yes,Sometimes,26-100,Yes,Yes,Yes,No,No,No,Don't know,Don't know,No,No,Yes,Yes,No,No,Don't know,No
25,Male,No,Yes,Yes,Often,26-100,Yes,Yes,No,No,No,No,Yes,Somewhat easy,No,No,Yes,Yes,No,Yes,No,No
26,Male,No,No,Yes,Sometimes,6-25,No,Yes,Don't know,No,No,No,Don't know,Don't know,Yes,Yes,Some of them,No,No,No,No,No
27,Female,No,Yes,Yes,Rarely,More than 1000,Yes,Yes,Yes,Yes,No,Don't know,Don't know,Don't know,Maybe,Maybe,No,Yes,No,No,Don't know,No
42,Male,No,No,No,Never,500-1000,No,Yes,Don't know,Not sure,No,No,Don't know,Don't know,No,No,Some of them,Yes,Maybe,Maybe,Don't know,No
29,Other,Yes,Yes,Yes,Sometimes,1-5,Yes,Yes,Yes,Yes,No,No,Don't know,Very difficult,Yes,No,Some of them,No,No,Maybe,No,No
25,Female,No,No,Yes,Sometimes,6-25,No,Yes,Don't know,Not sure,No,No,Don't know,Somewhat difficult,Yes,No,Some of them,No,No,Maybe,Don't know,No
33,Female,No,Yes,Yes,Rarely,More than 1000,No,Yes,Yes,Yes,No,Yes,Yes,Don't know,Maybe,No,Some of them,No,No,Yes,Don't know,No
40,Female,No,Yes,Yes,Rarely,More than 1000,No,No,Yes,No,Don't know,Don't know,Don't know,Somewhat easy,Maybe,Maybe,No,No,No,No,Don't know,No
31,Male,No,No,No,Never,More than 1000,No,Yes,Don't know,No,No,Don't know,Don't know,Somewhat easy,Yes,No,Some of them,No,No,No,Don't know,No
26,Male,No,Yes,Yes,Often,26-100,Yes,Yes,Don't know,No,Don't know,Don't know,Don't know,Very easy,No,No,Yes,Yes,No,No,Yes,No
24,Female,No,Yes,No,Sometimes,500-1000,No,No,No,No,No,No,No,Very difficult,Yes,Maybe,No,No,No,Maybe,No,Yes
29,Male,No,No,No,Never,More than 1000,No,No,Yes,Not sure,No,Don't know,Don't know,Don't know,Maybe,No,Some of them,Some of them,No,No,Don't know,No
48,Male,No,No,No,Sometimes,26-100,No,Yes,Don't know,No,No,No,Don't know,Don't know,Maybe,Maybe,No,No,No,No,No,No
35,Male,No,No,No,Sometimes,6-25,No,Yes,No,No,No,No,Don't know,Very difficult,Maybe,Maybe,Some of them,Yes,No,Maybe,No,Yes
32,Female,No,No,No,Never,100-500,No,Yes,Don't know,Not sure,No,No,Don't know,Don't know,Maybe,No,No,Some of them,No,Maybe,Don't know,No
29,Male,No,No,Yes,Sometimes,100-500,No,Yes,Don't know,Not sure,Don't know,Don't know,Yes,Somewhat easy,Maybe,No,Some of them,Some of them,No,Maybe,Yes,No
26,Male,No,Yes,Yes,Often,6-25,No,Yes,Yes,Yes,No,No,Don't know,Somewhat difficult,Maybe,No,Some of them,Yes,No,No,No,No
28,Male,No,Yes,Yes,Sometimes,26-100,No,Yes,Yes,Yes,No,No,Don't know,Don't know,Maybe,No,Some of them,No,No,Maybe,No,No
23,Male,No,No,No,Sometimes,More than 1000,No,Yes,Don't know,No,No,Don't know,Don't know,Don't know,No,No,Some of them,Yes,No,Maybe,No,No
35,Male,No,Yes,Yes,Sometimes,100-500,No,Yes,Yes,Yes,No,No,Don't know,Very difficult,Maybe,Maybe,Some of them,Some of them,No,Maybe,No,Yes
29,Male,No,Yes,Yes,Sometimes,26-100,No,Yes,Don't know,No,No,No,Don't know,Very easy,Maybe,No,Some of them,Some of them,Maybe,Maybe,Don't know,No
26,Male,No,Yes,No,Sometimes,6-25,No,Yes,Yes,Yes,No,Yes,Yes,Very easy,No,No,Some of them,Yes,Maybe,Maybe,No,No
33,Male,No,Yes,Yes,Never,26-100,Yes,Yes,Yes,Yes,Yes,Yes,Don't know,Don't know,Yes,Maybe,Yes,Some of them,No,No,Yes,No
33,Male,No,No,No,Sometimes,More than 1000,Yes,Yes,Don't know,No,Don't know,Don't know,Don't know,Don't know,Yes,No,Some of them,No,No,Maybe,Yes,No
22,Male,Yes,No,No,Never,6-25,Yes,Yes,Don't know,No,No,No,Don't know,Somewhat easy,No,No,Yes,Yes,Maybe,No,Don't know,No
30,Female,No,Yes,No,Sometimes,500-1000,No,Yes,No,No,No,No,Don't know,Don't know,Yes,Maybe,No,No,No,No,Don't know,No
33,Male,No,Yes,Yes,Often,More than 1000,Yes,Yes,Yes,Yes,No,No,Don't know,Somewhat easy,Yes,No,No,No,No,No,No,No
31,Female,No,Yes,Yes,Rarely,More than 1000,No,No,Don't know,Not sure,No,Don't know,Don't know,Very difficult,Yes,Maybe,No,No,No,Maybe,No,No
21,Male,No,Yes,No,Never,More than 1000,No,Yes,Don't know,Not sure,Don't know,Don't know,Don't know,Don't know,No,No,Some of them,Some of them,No,Maybe,Don't know,Yes
31,Other,No,Yes,Yes,Sometimes,More than 1000,No,Yes,Don't know,No,No,No,Don't know,Don't know,Yes,Maybe,No,No,No,Yes,Yes,No
26,Female,No,No,Yes,Sometimes,100-500,Yes,Yes,Don't know,Not sure,Don't know,Don't know,Don't know,Somewhat difficult,No,No,Some of them,Some of them,No,No,Yes,No
30,Male,No,Yes,No,Often,6-25,No,Yes,Don't know,No,No,Don't know,Don't know,Somewhat easy,Maybe,No,Some of them,Yes,No,No,Don't know,No
30,Other,No,Yes,Yes,Sometimes,100-500,No,Yes,Don't know,Not sure,No,No,Don't know,Somewhat difficult,No,No,Yes,Yes,Maybe,Maybe,No,No
23,Male,No,No,No,Sometimes,6-25,No,Yes,No,No,No,No,Don't know,Don't know,No,No,Some of them,Yes,Maybe,Maybe,No,No
34,Male,No,No,No,Never,6-25,No,Yes,No,No,No,No,Don't know,Somewhat easy,No,No,Yes,Yes,No,Maybe,Don't know,No
55,Male,No,Yes,Yes,Sometimes,1-5,Yes,Yes,No,Yes,No,Don't know,Don't know,Don't know,Yes,Maybe,No,No,No,No,No,Yes
28,Male,No,Yes,Yes,Rarely,1-5,Yes,Yes,Yes,No,No,No,Yes,Very easy,No,No,Yes,Yes,No,No,Yes,No
26,Male,No,No,No,Sometimes,26-100,Yes,Yes,Don't know,No,Don't know,No,Don't know,Don't know,No,No,Some of them,No,No,Yes,Don't know,No
28,Male,No,Yes,Yes,Sometimes,6-25,Yes,Yes,Yes,Yes,Yes,No,Don't know,Very easy,No,No,Yes,Yes,Yes,Yes,Yes,No
32,Male,No,Yes,Yes,Sometimes,6-25,No,Yes,No,No,No,Don't know,Don't know,Somewhat easy,No,No,Some of them,Yes,No,No,Don't know,No
28,Female,No,No,Yes,Rarely,More than 1000,No,No,Yes,Yes,No,Don't know,Don't know,Don't know,Maybe,No,No,No,No,No,Don't know,No
21,Male,No,No,No,Sometimes,6-25,No,No,Don't know,Not sure,No,Yes,Yes,Don't know,No,No,Some of them,Some of them,Maybe,Maybe,Yes,No
24,Male,No,Yes,Yes,Sometimes,100-500,No,Yes,No,Yes,No,No,Don't know,Somewhat difficult,Yes,No,Some of them,Some of them,No,Maybe,No,Yes
26,Female,No,No,No,Sometimes,More than 1000,No,No,Yes,Not sure,Yes,Don't know,Don't know,Don't know,Maybe,No,Some of them,No,No,No,Don't know,No
23,Male,No,No,No,Sometimes,More than 1000,No,No,Yes,No,No,No,Don't know,Don't know,No,No,Yes,No,No,Yes,Don't know,No
24,Female,No,No,No,Sometimes,More than 1000,No,Yes,Yes,Yes,Yes,Yes,Yes,Somewhat easy,No,No,Some of them,Some of them,Yes,Yes,Yes,No
28,Male,Yes,No,No,Never,100-500,Yes,Yes,Don't know,No,No,No,Don't know,Somewhat easy,Maybe,No,Some of them,Yes,No,No,Yes,No
24,Female,No,Yes,Yes,Rarely,6-25,No,Yes,No,No,No,No,Don't know,Very easy,Yes,No,No,Some of them,No,Yes,Yes,No
33,Male,Yes,No,Yes,Often,1-5,Yes,Yes,No,No,No,No,Yes,Somewhat easy,Yes,Maybe,Some of them,Some of them,Yes,Yes,Don't know,No
34,Male,No,No,No,Sometimes,26-100,No,Yes,Don't know,No,No,No,Don't know,Don't know,Maybe,No,Yes,Yes,No,Maybe,Don't know,No
27,Female,No,No,Yes,Sometimes,26-100,No,Yes,Don't know,Not sure,No,No,Don't know,Somewhat difficult,Maybe,Maybe,Some of them,Some of them,No,No,Don't know,No
28,Male,No,No,No,Never,6-25,No,Yes,Don't know,No,No,Don't know,Don't know,Don't know,No,No,Some of them,Yes,No,No,Don't know,No
26,Male,No,No,No,Sometimes,More than 1000,No,Yes,Don't know,Not sure,Don't know,Don't know,Don't know,Don't know,No,No,Some of them,Yes,No,No,Don't know,Yes
20,Male,No,No,No,Sometimes,100-500,Yes,Yes,Don't know,Not sure,Don't know,Don't know,Yes,Very easy,No,No,Some of them,Yes,No,No,Don't know,No
23,Female,No,No,Yes,Sometimes,26-100,No,Yes,Yes,Yes,No,Don't know,Don't know,Don't know,Maybe,No,Some of them,No,No,Maybe,Don't know,No
29,Male,No,Yes,Yes,Rarely,1-5,Yes,Yes,Yes,Yes,Yes,Yes,Yes,Somewhat easy,No,No,Yes,Yes,Maybe,Maybe,Yes,No
26,Male,No,Yes,No,Sometimes,6-25,No,Yes,No,No,No,No,Don't know,Don't know,Maybe,Maybe,No,No,No,Maybe,No,No
36,Male,No,No,No,Rarely,More than 1000,Yes,Yes,Yes,No,Yes,Don't know,Don't know,Somewhat easy,Maybe,No,No,No,No,No,Don't know,No
41,Male,No,No,Yes,Sometimes,More than 1000,No,Yes,Yes,Yes,Yes,Yes,Yes,Don't know,Maybe,No,Some of them,Yes,Maybe,Yes,Yes,Yes
33,Female,No,No,No,Sometimes,100-500,Yes,Yes,Yes,No,Don't know,No,Don't know,Don't know,No,No,Some of them,Yes,No,No,Yes,No
23,Male,No,Yes,Yes,Sometimes,6-25,No,Yes,Yes,Yes,No,No,Yes,Very easy,No,No,Yes,Yes,No,No,Yes,No
39,Male,No,Yes,No,Often,More than 1000,No,Yes,Yes,No,No,Don't know,Don't know,Don't know,Yes,No,Some of them,Some of them,No,Maybe,No,Yes
34,Male,No,Yes,No,Sometimes,More than 1000,No,Yes,Yes,Not sure,Don't know,Don't know,Don't know,Don't know,Maybe,No,Some of them,Some of them,No,Maybe,Don't know,Yes
26,Female,No,No,Yes,Sometimes,100-500,No,Yes,Yes,Yes,No,No,Don't know,Somewhat difficult,Yes,Maybe,Some of them,Some of them,No,No,No,Yes
24,Male,No,No,Yes,Rarely,26-100,No,Yes,Yes,Yes,Yes,No,Don't know,Don't know,No,No,Some of them,Yes,No,No,Don't know,No
37,Male,No,Yes,Yes,Rarely,More than 1000,No,No,Yes,Yes,Yes,Yes,Don't know,Don't know,Maybe,Maybe,Some of them,Some of them,No,No,Don't know,No
43,Male,Yes,Yes,Yes,Often,6-25,Yes,Yes,Yes,Yes,No,No,Yes,Very easy,No,No,Yes,Yes,Maybe,Maybe,Yes,No
40,Other,No,Yes,No,Never,More than 1000,No,Yes,Yes,Yes,Yes,Don't know,Yes,Don't know,Yes,Maybe,No,Some of them,No,Maybe,Yes,No
30,Male,No,Yes,Yes,Often,More than 1000,No,Yes,Yes,Yes,Yes,No,Don't know,Very difficult,Yes,No,Some of them,No,No,No,No,Yes
34,Male,No,No,Yes,Sometimes,6-25,No,Yes,Don't know,Not sure,No,No,Don't know,Don't know,Yes,Yes,Some of them,No,No,No,Don't know,No
27,Male,No,Yes,Yes,Sometimes,100-500,No,Yes,Don't know,Not sure,No,Don't know,Don't know,Don't know,Yes,No,No,No,No,Yes,Don't know,No
36,Male,No,No,No,Sometimes,More than 1000,No,Yes,Don't know,No,No,No,Yes,Somewhat easy,No,No,Yes,Yes,Maybe,Yes,Don't know,No
27,Male,No,No,No,Rarely,6-25,No,Yes,No,Yes,No,No,Don't know,Somewhat easy,Maybe,No,Some of them,Some of them,No,Maybe,No,No
35,Male,No,Yes,No,Never,100-500,No,Yes,Yes,No,No,No,Yes,Don't know,Yes,No,No,No,No,Maybe,Don't know,No
32,Male,No,No,No,Never,6-25,No,Yes,No,No,No,No,Don't know,Don't know,Maybe,No,Some of them,No,No,Yes,Yes,No
37,Male,No,No,No,Sometimes,500-1000,No,Yes,Yes,No,No,No,Don't know,Don't know,Maybe,Maybe,Some of them,Some of them,No,No,Don't know,No
29,Male,No,No,No,Sometimes,26-100,No,Yes,Don't know,No,Don't know,Don't know,Don't know,Don't know,No,No,Some of them,Yes,Maybe,Maybe,Yes,No
33,Other,No,No,No,Never,500-1000,No,Yes,Yes,Not sure,Yes,Yes,Don't know,Very easy,Maybe,No,Some of them,Yes,No,No,Yes,No
28,Male,No,No,No,Sometimes,6-25,Yes,Yes,No,Yes,No,No,Don't know,Somewhat easy,Yes,Maybe,Some of them,No,No,No,Don't know,No
26,Female,No,Yes,No,Never,26-100,No,Yes,Don't know,Not sure,No,No,Don't know,Somewhat difficult,Maybe,Maybe,Some of them,No,No,Maybe,No,No
27,Male,No,Yes,Yes,Sometimes,6-25,Yes,Yes,Don't know,No,Yes,Don't know,Don't know,Somewhat easy,Yes,No,Some of them,Yes,No,Maybe,Yes,No
38,Male,Yes,No,Yes,Sometimes,26-100,Yes,Yes,No,No,No,No,Yes,Somewhat easy,Maybe,Maybe,Some of them,Yes,No,Maybe,Yes,No
57,Male,No,Yes,Yes,Rarely,More than 1000,No,Yes,Yes,Yes,No,No,Don't know,Don't know,Maybe,No,Some of them,Yes,No,Maybe,No,No
28,Male,No,No,Yes,Sometimes,More than 1000,No,Yes,No,No,No,No,No,Very difficult,Yes,Maybe,No,Some of them,No,Maybe,No,No
26,Male,No,No,No,Never,6-25,No,Yes,No,Yes,No,No,Don't know,Don't know,Maybe,No,Yes,Yes,Maybe,Maybe,No,No
42,Female,No,No,Yes,Rarely,100-500,Yes,Yes,Yes,Yes,No,No,Yes,Don't know,Yes,No,Some of them,No,No,Maybe,Don't know,No
31,Male,No,No,Yes,Sometimes,100-500,Yes,Yes,Yes,Yes,Yes,Yes,Yes,Very easy,No,No,Some of them,Yes,No,No,Yes,No
58,Male,No,No,Yes,Rarely,More than 1000,No,Yes,Yes,Yes,Yes,Yes,Yes,Somewhat easy,Maybe,No,Some of them,Yes,No,Yes,Yes,No
29,Male,No,No,No,Sometimes,6-25,No,Yes,Don't know,No,No,No,Don't know,Very difficult,Yes,No,No,No,No,Maybe,No,No
39,Female,No,No,Yes,Sometimes,More than 1000,No,Yes,Yes,Yes,No,Yes,Don't know,Don't know,Yes,No,Some of them,Some of them,No,Maybe,No,Yes
34,Male,No,No,No,Sometimes,6-25,Yes,Yes,Don't know,No,No,No,Don't know,Very difficult,Maybe,No,Some of them,Yes,No,Maybe,Don't know,No
57,Male,No,No,Yes,Sometimes,More than 1000,No,Yes,Yes,Not sure,Yes,Yes,Don't know,Don't know,Maybe,Maybe,No,No,No,Maybe,Don't know,No
27,Male,No,Yes,Yes,Sometimes,6-25,No,Yes,No,Not sure,No,No,Don't know,Somewhat difficult,Yes,Maybe,Some of them,No,No,No,No,Yes
23,Male,Yes,Yes,Yes,Often,26-100,Yes,Yes,Don't know,No,Don't know,Don't know,Don't know,Don't know,No,Maybe,Yes,Yes,Maybe,Yes,Don't know,No
18,Male,No,No,No,Sometimes,500-1000,Yes,No,Don't know,No,No,Don't know,Don't know,Very easy,Yes,No,No,No,No,Maybe,Don't know,No
30,Female,No,No,No,Sometimes,100-500,No,Yes,Don't know,Not sure,No,No,Don't know,Don't know,Maybe,No,Some of them,Yes,No,Maybe,Don't know,No
23,Male,No,No,No,Never,26-100,No,No,Don't know,Not sure,Don't know,Don't know,Don't know,Don't know,No,No,Yes,Yes,Maybe,Yes,Yes,No
43,Male,No,No,Yes,Sometimes,More than 1000,No,Yes,Yes,Yes,Yes,Yes,Yes,Somewhat easy,Yes,Maybe,No,No,No,Yes,Don't know,No
18,Female,No,Yes,Yes,Sometimes,1-5,Yes,Yes,Don't know,Not sure,Don't know,Don't know,Don't know,Don't know,Maybe,Maybe,Some of them,Some of them,Maybe,Maybe,Don't know,No
29,Male,No,No,Yes,Rarely,6-25,No,Yes,Yes,Yes,No,No,Don't know,Don't know,Maybe,No,Some of them,No,No,Maybe,Don't know,No
48,Male,No,No,No,Never,6-25,No,Yes,Don't know,No,No,Don't know,Don't know,Don't know,Maybe,No,No,No,No,Maybe,Don't know,No
43,Male,No,No,Yes,Sometimes,26-100,No,No,No,Yes,Don't know,No,Don't know,Somewhat easy,Maybe,No,Some of them,Some of them,No,Yes,No,Yes
28,Female,No,Yes,Yes,Sometimes,26-100,No,Yes,Don't know,Not sure,No,No,Don't know,Don't know,Yes,Maybe,Some of them,No,No,Maybe,Don't know,No
30,Male,Yes,Yes,Yes,Often,1-5,Yes,Yes,No,Yes,No,No,Yes,Very easy,No,No,Yes,Yes,No,No,Yes,No
26,Male,No,No,No,Sometimes,6-25,No,Yes,No,No,No,No,Yes,Very easy,Maybe,No,Some of them,Yes,No,Maybe,Yes,No
33,Male,No,No,No,Never,6-25,No,No,No,No,No,No,Don't know,Don't know,Maybe,Maybe,Some of them,Some of them,No,No,No,No
31,Male,No,No,No,Sometimes,More than 1000,No,Yes,Yes,Not sure,Don't know,Don't know,Yes,Don't know,No,No,No,Some of them,No,No,Yes,No
30,Male,No,No,No,Rarely,100-500,No,No,Don't know,Not sure,No,No,Don't know,Don't know,No,No,Some of them,Some of them,No,No,Don't know,No
27,Male,No,No,No,Sometimes,26-100,No,Yes,No,No,No,No,Don't know,Somewhat difficult,Yes,No,Some of them,No,No,Maybe,No,Yes
24,Female,Yes,Yes,Yes,Sometimes,1-5,Yes,Yes,No,No,Don't know,Don't know,Don't know,Don't know,No,No,Some of them,Some of them,No,No,Don't know,Yes
25,Male,No,No,No,Sometimes,26-100,No,Yes,Don't know,Not sure,Don't know,Don't know,Don't know,Don't know,Maybe,No,Some of them,No,No,No,Don't know,No
23,Female,No,Yes,Yes,Often,More than 1000,No,Yes,Yes,Not sure,Don't know,No,Don't know,Don't know,Maybe,No,Some of them,Some of them,No,No,Yes,Yes
36,Male,No,No,Yes,Sometimes,More than 1000,No,No,Yes,Not sure,No,No,Don't know,Somewhat difficult,Yes,Maybe,Some of them,No,No,No,No,Yes
25,Female,Yes,Yes,Yes,Often,1-5,Yes,Yes,Don't know,Not sure,No,No,Yes,Somewhat difficult,Yes,No,Some of them,No,No,Maybe,No,Yes
54,Male,No,No,Yes,Sometimes,More than 1000,Yes,No,No,Yes,Yes,Yes,Yes,Very easy,No,No,Yes,Yes,Maybe,Maybe,No,No
34,Male,No,No,No,Rarely,6-25,No,Yes,Don't know,Not sure,Don't know,Don't know,Don't know,Somewhat easy,No,No,Some of them,Some of them,No,Maybe,Yes,No
38,Female,No,No,Yes,Sometimes,26-100,No,Yes,Yes,Yes,No,No,Yes,Don't know,Maybe,Maybe,No,No,No,No,No,No
40,Male,Yes,Yes,No,Sometimes,More than 1000,No,Yes,No,No,No,No,No,Don't know,Yes,Maybe,Some of them,No,No,Maybe,No,Yes
32,Male,No,No,No,Sometimes,26-100,No,Yes,No,Not sure,No,Don't know,Don't know,Don't know,No,No,No,Some of them,No,Maybe,Don't know,No
25,Male,No,No,No,Never,More than 1000,No,No,Don't know,Not sure,Don't know,Yes,Don't know,Don't know,No,No,Yes,Yes,No,Yes,Don't know,No
35,Female,No,No,Yes,Sometimes,100-500,No,Yes,No,Yes,No,No,Don't know,Don't know,Yes,Maybe,No,No,No,Maybe,No,No
46,Male,No,No,Yes,Sometimes,More than 1000,No,Yes,Yes,Yes,Yes,Yes,Don't know,Don't know,Maybe,No,Some of them,No,No,No,Yes,No
42,Male,No,No,No,Never,100-500,No,No,Yes,No,Yes,No,Don't know,Very difficult,Maybe,No,Yes,Yes,Maybe,Yes,No,No
32,Male,No,Yes,Yes,Sometimes,6-25,Yes,Yes,Yes,No,No,No,Don't know,Don't know,No,No,Yes,Yes,Maybe,Maybe,Yes,No
47,Male,No,Yes,Yes,Sometimes,More than 1000,No,Yes,Yes,Yes,Yes,Yes,Don't know,Very easy,No,No,Some of them,Yes,No,Yes,Yes,No
22,Male,No,No,No,Sometimes,More than 1000,No,Yes,Yes,Not sure,Yes,Don't know,Yes,Don't know,No,No,Some of them,Yes,No,Maybe,Yes,No
33,Female,No,No,Yes,Sometimes,500-1000,Yes,Yes,Yes,Yes,Yes,Yes,Don't know,Very easy,No,No,Some of them,Some of them,No,No,Don't know,No
25,Female,No,No,No,Sometimes,6-25,No,Yes,No,No,No,No,No,Somewhat easy,Maybe,No,Some of them,No,No,No,Yes,No
29,Male,No,No,No,Sometimes,More than 1000,No,Yes,Don't know,Not sure,No,Don't know,Don't know,Don't know,Maybe,No,No,No,No,Maybe,Don't know,No
39,Male,No,No,No,Never,26-100,No,Yes,Yes,Yes,Yes,Yes,Yes,Very easy,No,No,Yes,Yes,No,No,Yes,No
38,Male,No,Yes,Yes,Sometimes,More than 1000,No,Yes,Yes,Not sure,Yes,Yes,Yes,Don't know,Yes,No,No,No,No,No,No,No
43,Male,No,No,No,Sometimes,6-25,Yes,Yes,Don't know,No,No,Don't know,Don't know,Don't know,Maybe,No,Some of them,No,No,No,Don't know,No
46,Male,No,No,Yes,Rarely,500-1000,Yes,Yes,Yes,Not sure,Yes,Yes,Yes,Don't know,No,No,Some of them,Yes,No,Maybe,Yes,No
38,Female,No,Yes,Yes,Sometimes,More than 1000,No,No,Yes,Yes,Yes,Yes,Yes,Very easy,Maybe,No,Yes,Yes,No,No,No,Yes
33,Male,No,No,Yes,Sometimes,6-25,No,Yes,Yes,Yes,No,No,Yes,Very easy,Yes,Yes,Some of them,Some of them,No,Maybe,No,No
34,Male,No,Yes,Yes,Often,26-100,No,Yes,No,Yes,No,No,Yes,Very easy,Maybe,Maybe,Yes,Yes,No,No,No,No
62,Male,No,No,No,Never,More than 1000,No,Yes,Yes,Yes,Don't know,Yes,Don't know,Don't know,Maybe,No,Some of them,Yes,Maybe,Maybe,Yes,No
23,Female,No,No,No,Sometimes,More than 1000,No,No,Don't know,Not sure,Don't know,Don't know,Yes,Don't know,Maybe,Maybe,Some of them,Some of them,No,No,Don't know,No
35,Male,No,No,No,Sometimes,More than 1000,No,No,No,No,No,No,Don't know,Don't know,Maybe,Maybe,No,No,No,No,No,No
25,Male,No,Yes,No,Rarely,26-100,Yes,Yes,Don't know,Not sure,Don't know,Don't know,Don't know,Don't know,Maybe,Yes,No,No,No,No,Don't know,Yes
36,Male,Yes,Yes,Yes,Sometimes,1-5,Yes,Yes,Don't know,Yes,Don't know,No,Yes,Somewhat difficult,Maybe,No,Some of them,Yes,No,Yes,Yes,No
41,Female,No,Yes,Yes,Rarely,500-1000,Yes,Yes,Yes,Yes,Yes,Yes,Yes,Very easy,Maybe,Maybe,Some of them,Some of them,No,No,Yes,No
24,Male,Yes,No,No,Sometimes,1-5,No,Yes,Yes,Yes,Don't know,Don't know,Yes,Somewhat easy,No,No,Some of them,Some of them,Maybe,Maybe,Yes,No
51,Male,No,No,Yes,Sometimes,26-100,Yes,Yes,No,Yes,Yes,No,No,Somewhat difficult,Yes,Yes,No,No,No,No,Don't know,Yes
29,Male,No,No,Yes,Sometimes,6-25,No,Yes,Yes,Yes,No,Yes,Yes,Very easy,No,No,No,Some of them,No,No,Yes,No
31,Female,Yes,Yes,Yes,Sometimes,100-500,Yes,Yes,Don't know,Not sure,Don't know,Don't know,Don't know,Don't know,Maybe,Maybe,Some of them,Yes,No,No,Yes,No
27,Male,No,No,No,Sometimes,6-25,No,Yes,No,No,No,No,Don't know,Don't know,No,No,Some of them,Yes,No,Yes,Don't know,No
31,Male,No,No,Yes,Rarely,100-500,No,Yes,Yes,Yes,Yes,Yes,Don't know,Somewhat easy,No,No,Yes,Yes,Yes,Yes,No,No
27,Female,Yes,Yes,No,Sometimes,1-5,Yes,Yes,No,No,No,No,No,Very difficult,Yes,Maybe,No,No,No,Maybe,No,No
23,Male,No,No,No,Rarely,6-25,No,Yes,Don't know,No,No,Don't know,Don't know,Very easy,No,No,Some of them,Yes,Maybe,Maybe,Yes,No
21,Male,No,No,No,Never,26-100,No,Yes,Don't know,Not sure,Don't know,No,Don't know,Don't know,Yes,Maybe,No,No,No,Maybe,Don't know,No
27,Female,No,Yes,Yes,Sometimes,6-25,No,Yes,No,Yes,No,No,No,Somewhat difficult,Yes,No,Some of them,Some of them,No,No,No,No
39,Male,No,Yes,Yes,Often,26-100,Yes,Yes,Yes,Yes,Yes,Yes,Don't know,Somewhat easy,Yes,No,Some of them,Yes,No,No,No,No
26,Male,No,Yes,Yes,Never,More than 1000,No,Yes,Don't know,No,No,Don't know,Don't know,Don't know,Maybe,No,No,No,No,No,No,No
27,Male,No,No,No,Never,6-25,No,Yes,Don't know,No,No,No,Don't know,Don't know,Maybe,Maybe,Some of them,Some of them,No,No,Don't know,No
22,Female,No,Yes,Yes,Sometimes,500-1000,No,Yes,Yes,Yes,No,Don't know,Don't know,Don't know,No,No,Some of them,Some of them,No,No,No,Yes
26,Female,No,Yes,Yes,Often,100-500,No,No,Don't know,No,No,No,Don't know,Somewhat difficult,Maybe,No,No,No,No,Maybe,No,No
31,Female,No,Yes,Yes,Rarely,100-500,No,Yes,Yes,Yes,No,No,Yes,Somewhat easy,No,No,Yes,Yes,No,No,Yes,No
32,Male,No,No,No,Never,6-25,No,Yes,Don't know,No,No,No,Don't know,Don't know,No,No,Yes,Yes,Yes,Yes,Yes,No
28,Female,No,Yes,Yes,Often,100-500,Yes,Yes,Yes,No,No,Don't know,Don't know,Don't know,Yes,Yes,Some of them,Some of them,No,No,No,Yes
28,Other,No,Yes,Yes,Rarely,100-500,No,Yes,No,Not sure,No,No,Yes,Somewhat difficult,Yes,Yes,Some of them,Some of them,Yes,No,No,Yes
23,Female,No,No,No,Sometimes,6-25,No,Yes,Don't know,Not sure,No,No,Don't know,Very easy,Maybe,No,No,Some of them,No,Yes,Yes,No
30,Male,No,No,No,Never,26-100,Yes,Yes,Don't know,Not sure,Don't know,Don't know,Don't know,Very easy,No,No,Yes,Yes,Maybe,Maybe,Yes,No
36,Male,No,Yes,Yes,Sometimes,More than 1000,No,Yes,Yes,No,No,Yes,Don't know,Somewhat difficult,Yes,No,Some of them,Yes,No,Yes,No,No
21,Male,No,Yes,No,Sometimes,More than 1000,No,Yes,Yes,Yes,Yes,Yes,Yes,Don't know,No,No,Some of them,Yes,No,Maybe,Yes,No
30,Male,No,No,No,Often,26-100,No,Yes,No,No,Don't know,No,Don't know,Somewhat easy,Maybe,No,Some of them,Some of them,Maybe,Yes,Don't know,No
25,Female,No,Yes,No,Sometimes,500-1000,No,No,Don't know,Not sure,No,No,Don't know,Don't know,Maybe,No,Some of them,Some of them,No,Maybe,Don't know,No
32,Male,No,No,Yes,Sometimes,6-25,No,Yes,No,No,No,No,Don't know,Very easy,No,No,Some of them,Yes,Maybe,Yes,Don't know,No
29,Female,No,No,Yes,Sometimes,1-5,No,Yes,No,No,No,No,Don't know,Don't know,Maybe,No,Some of them,Some of them,No,No,Yes,No
21,Other,No,No,Yes,Sometimes,26-100,No,Yes,No,Yes,Yes,No,Yes,Somewhat easy,Maybe,No,Some of them,Some of them,No,No,Yes,No
27,Female,No,Yes,Yes,Rarely,100-500,Yes,Yes,No,No,No,No,Don't know,Somewhat easy,Maybe,Maybe,Some of them,Some of them,No,Yes,Don't know,No
32,Female,No,No,Yes,Often,More than 1000,No,No,Don't know,Not sure,Don't know,Don't know,Don't know,Don't know,Maybe,No,Some of them,Some of them,No,No,Don't know,No
34,Male,No,No,No,Sometimes,More than 1000,No,Yes,Yes,Yes,Yes,Yes,Yes,Very easy,No,No,Some of them,Yes,No,Maybe,Yes,No
33,Male,No,No,No,Sometimes,26-100,No,Yes,Don't know,No,Don't know,Don't know,Don't know,Don't know,Yes,No,Some of them,No,No,Maybe,Don't know,No
22,Male,No,Yes,Yes,Sometimes,6-25,Yes,Yes,No,Not sure,No,Don't know,Don't know,Somewhat easy,No,No,Some of them,Yes,Maybe,Yes,Yes,No
24,Male,No,No,No,Sometimes,More than 1000,No,Yes,Don't know,Not sure,Don't know,Don't know,Don't know,Don't know,Maybe,Maybe,Some of them,Some of them,No,No,Yes,No
65,Male,Yes,No,No,Sometimes,6-25,Yes,No,No,No,No,No,Don't know,Very easy,Maybe,No,Some of them,No,No,No,Yes,No
27,Male,No,Yes,Yes,Sometimes,100-500,Yes,Yes,Don't know,No,No,Don't know,Don't know,Don't know,No,No,Some of them,No,No,No,Yes,No
33,Male,No,No,No,Never,More than 1000,No,Yes,Don't know,Not sure,Don't know,Don't know,Yes,Very easy,No,No,Some of them,Yes,Maybe,Yes,Yes,No
36,Male,No,No,Yes,Rarely,26-100,No,Yes,Don't know,Not sure,No,Don't know,Don't know,Don't know,No,No,Some of them,Some of them,No,No,Don't know,No
40,Male,No,No,No,Never,26-100,No,Yes,No,No,No,No,Don't know,Somewhat difficult,No,No,Some of them,Some of them,No,No,No,No
28,Male,No,No,Yes,Sometimes,More than 1000,No,Yes,Yes,Yes,No,No,Yes,Somewhat difficult,Maybe,No,Some of them,No,No,Maybe,No,No
39,Male,No,No,Yes,Sometimes,500-1000,No,Yes,Yes,Not sure,Yes,Don't know,Yes,Don't know,Yes,Maybe,Yes,Yes,No,Maybe,Don't know,No
32,Male,No,No,Yes,Sometimes,More than 1000,No,Yes,Yes,No,No,Yes,Don't know,Somewhat easy,No,No,Yes,Some of them,Maybe,Yes,Don't know,No
31,Male,No,Yes,No,Sometimes,More than 1000,No,Yes,Yes,Not sure,Don't know,Don't know,Don't know,Somewhat easy,Maybe,No,No,Some of them,No,Yes,No,No
38,Male,No,Yes,Yes,Sometimes,100-500,No,Yes,Don't know,No,No,No,Don't know,Don't know,Maybe,Maybe,Some of them,No,No,No,Don't know,No
23,Male,No,Yes,Yes,Rarely,1-5,No,Yes,No,Yes,No,No,Don't know,Don't know,Maybe,No,Some of them,Yes,No,No,Yes,No
42,Male,No,No,Yes,Often,More than 1000,No,Yes,Yes,Yes,Yes,Yes,Yes,Somewhat easy,Maybe,Maybe,Yes,Yes,Maybe,Maybe,Don't know,No
27,Female,No,No,No,Sometimes,500-1000,No,Yes,Don't know,Not sure,Don't know,Yes,Don't know,Don't know,No,No,Some of them,Yes,No,No,Yes,No
26,Female,No,Yes,Yes,Sometimes,26-100,No,Yes,Yes,Yes,No,No,Yes,Somewhat difficult,No,No,Yes,Yes,No,No,No,Yes
50,Male,No,No,No,Never,26-100,Yes,Yes,No,Yes,No,No,Don't know,Don't know,No,No,No,No,No,Maybe,No,No
37,Male,No,Yes,No,Never,26-100,No,Yes,Don't know,No,No,Don't know,Don't know,Somewhat easy,No,No,Yes,Yes,No,No,Yes,No
23,Male,No,No,No,Sometimes,26-100,No,Yes,Don't know,No,Don't know,No,Don't know,Don't know,No,No,Yes,Yes,No,Maybe,Don't know,No
33,Male,No,Yes,No,Sometimes,6-25,Yes,Yes,Don't know,Not sure,No,No,Yes,Very easy,No,No,Some of them,Yes,No,No,Yes,No
29,Male,Yes,No,No,Never,26-100,Yes,Yes,Yes,Yes,No,No,Yes,Very difficult,Yes,No,Some of them,No,No,Yes,No,No
34,Male,No,Yes,Yes,Sometimes,26-100,Yes,No,Yes,No,No,No,Don't know,Don't know,Maybe,No,Some of them,Some of them,No,Maybe,Don't know,No
41,Male,No,Yes,Yes,Often,More than 1000,No,Yes,Yes,No,No,No,Don't know,Don't know,Maybe,Maybe,Some of them,Some of them,No,No,Don't know,Yes
50,Male,No,Yes,No,Sometimes,100-500,Yes,Yes,Don't know,No,No,Don't know,Don't know,Don't know,No,No,Some of them,Yes,Maybe,Maybe,Don't know,No
29,Male,No,No,Yes,Never,More than 1000,No,No,Yes,Not sure,Yes,Yes,Yes,Somewhat difficult,Maybe,No,Some of them,No,No,Maybe,Don't know,Yes
35,Male,No,No,No,Never,6-25,No,Yes,No,Yes,No,No,Yes,Very easy,No,No,Some of them,Yes,Maybe,Maybe,Yes,No
27,Male,No,No,No,Sometimes,1-5,Yes,Yes,No,No,No,No,Yes,Don't know,Yes,No,Some of them,Yes,No,No,No,No
40,Female,No,No,No,Never,26-100,No,No,Don't know,Not sure,No,No,Don't know,Somewhat easy,Maybe,Maybe,Yes,Yes,Maybe,Maybe,Don't know,No
27,Male,No,No,Yes,Often,100-500,Yes,Yes,No,No,No,No,Don't know,Don't know,Maybe,No,Some of them,No,No,Maybe,No,Yes
29,Female,No,No,No,Never,26-100,No,Yes,Yes,Yes,Yes,No,Yes,Don't know,Maybe,No,Some of them,Some of them,No,Maybe,Don't know,Yes
31,Male,No,Yes,Yes,Sometimes,6-25,No,Yes,No,No,No,No,Don't know,Somewhat easy,Maybe,No,Yes,Yes,No,Maybe,Don't know,No
43,Male,No,No,Yes,Sometimes,6-25,No,Yes,No,Yes,No,No,Don't know,Somewhat easy,No,No,Yes,Yes,No,Maybe,Don't know,No
34,Male,No,Yes,Yes,Sometimes,26-100,Yes,Yes,Yes,Yes,No,No,Don't know,Don't know,Maybe,No,Some of them,Some of them,No,Yes,Don't know,Yes
29,Male,No,Yes,Yes,Sometimes,26-100,No,Yes,Don't know,No,No,No,No,Somewhat difficult,Yes,No,Some of them,Some of them,No,Maybe,Don't know,No
19,Male,No,Yes,Yes,Sometimes,1-5,No,Yes,No,No,No,No,Don't know,Don't know,Maybe,Maybe,Some of them,No,No,Maybe,Don't know,No
41,Male,No,Yes,Yes,Sometimes,More than 1000,No,Yes,Yes,Not sure,Yes,Yes,Don't know,Don't know,Maybe,No,Some of them,Some of them,No,No,No,No
29,Male,No,Yes,No,Never,100-500,No,Yes,Yes,Yes,Yes,Yes,Don't know,Don't know,No,No,Some of them,Yes,No,Maybe,Yes,No
23,Male,No,No,No,Rarely,100-500,No,Yes,Yes,Not sure,Don't know,Don't know,Don't know,Don't know,No,No,Some of them,Some of them,No,No,Yes,No
24,Female,No,Yes,Yes,Sometimes,100-500,No,Yes,Yes,Not sure,No,No,Don't know,Somewhat difficult,Yes,Maybe,No,No,No,No,No,Yes
31,Male,No,No,No,Sometimes,26-100,Yes,Yes,Don't know,No,No,Don't know,Don't know,Don't know,Yes,No,No,No,No,Maybe,Don't know,No
43,Male,No,No,No,Sometimes,500-1000,Yes,Yes,Don't know,Not sure,Don't know,Don't know,Don't know,Don't know,No,No,Yes,Yes,No,No,Yes,No
31,Male,No,Yes,Yes,Rarely,100-500,No,Yes,No,No,No,Don't know,Don't know,Somewhat difficult,Yes,Yes,Some of them,No,No,No,No,Yes
29,Male,No,Yes,No,Often,100-500,No,Yes,Yes,Yes,Yes,Yes,Don't know,Don't know,No,No,Some of them,Yes,No,No,Don't know,No
35,Male,Yes,Yes,No,Sometimes,6-25,Yes,Yes,No,No,Yes,Yes,Don't know,Very easy,No,No,Yes,Yes,No,Maybe,Yes,No
33,Male,No,Yes,Yes,Sometimes,100-500,No,No,Yes,Not sure,No,No,Yes,Somewhat difficult,Yes,Yes,No,No,No,No,No,No
30,Female,Yes,Yes,Yes,Often,1-5,Yes,No,No,Yes,No,Yes,Yes,Somewhat difficult,No,No,Yes,Yes,No,No,Yes,No
27,Male,No,No,No,Sometimes,More than 1000,No,Yes,Yes,Not sure,Don't know,Don't know,Yes,Don't know,Maybe,Maybe,No,No,No,Maybe,No,No
32,Male,No,No,No,Sometimes,100-500,No,Yes,No,Yes,No,No,Don't know,Don't know,Maybe,Maybe,Some of them,Some of them,No,No,No,No
50,Male,No,No,No,Sometimes,1-5,Yes,Yes,Don't know,No,No,Don't know,Don't know,Don't know,Yes,Maybe,Some of them,Some of them,No,Maybe,Don't know,No
24,Male,No,No,No,Never,26-100,No,No,Don't know,Not sure,No,No,Don't know,Don't know,Maybe,Yes,Some of them,No,No,Maybe,No,No
27,Male,No,No,No,Sometimes,26-100,No,Yes,Don't know,No,No,No,Don't know,Don't know,No,No,Yes,Yes,No,Maybe,Yes,No
27,Male,No,No,No,Never,1-5,Yes,Yes,No,No,No,No,Don't know,Don't know,Yes,No,No,No,No,Maybe,Don't know,No
32,Male,No,No,Yes,Sometimes,6-25,No,Yes,No,Yes,No,No,Yes,Somewhat easy,No,No,Some of them,Yes,Maybe,Maybe,Yes,No
42,Male,Yes,No,No,Rarely,6-25,Yes,No,No,Yes,No,No,Don't know,Very easy,No,No,Some of them,Yes,Maybe,Maybe,Yes,No
37,Male,No,No,No,Often,More than 1000,No,No,Don't know,No,No,No,Don't know,Don't know,Maybe,No,Some of them,No,No,No,No,No
30,Male,No,No,No,Sometimes,26-100,No,Yes,Don't know,Not sure,No,No,Don't know,Somewhat easy,Maybe,No,Some of them,No,No,Yes,No,Yes
29,Male,No,No,No,Rarely,More than 1000,No,Yes,Yes,No,No,No,Don't know,Very easy,Yes,Maybe,Some of them,No,No,No,Don't know,No
30,Male,Yes,No,Yes,Often,6-25,Yes,Yes,No,Not sure,No,Yes,Don't know,Somewhat difficult,No,No,Yes,Yes,No,Maybe,Yes,No
35,Male,No,No,No,Never,26-100,No,Yes,Yes,No,Yes,Don't know,Don't know,Don't know,No,No,Some of them,Some of them,Maybe,Maybe,Yes,No
35,Male,No,Yes,Yes,Rarely,100-500,Yes,No,Yes,Yes,No,No,Yes,Very difficult,Yes,No,Some of them,No,No,Maybe,No,No
38,Male,No,Yes,No,Often,26-100,Yes,Yes,No,Not sure,No,Don't know,Don't know,Don't know,Maybe,Maybe,Some of them,Some of them,Maybe,Maybe,Don't know,No
22,Male,No,Yes,Yes,Sometimes,100-500,No,Yes,Yes,Yes,No,No,Yes,Very easy,No,No,Some of them,Yes,Maybe,Yes,Yes,No
24,Male,No,Yes,No,Sometimes,100-500,No,Yes,Don't know,No,No,No,Don't know,Somewhat easy,No,No,Some of them,Some of them,No,Maybe,Don't know,No
22,Male,Yes,No,No,Never,1-5,No,Yes,Don't know,Not sure,No,No,Don't know,Don't know,No,Maybe,Some of them,Yes,Maybe,Yes,No,Yes
31,Female,No,No,Yes,Often,26-100,Yes,Yes,Yes,Yes,No,No,Don't know,Very easy,Maybe,No,Some of them,Some of them,No,Yes,Don't know,No
23,Female,No,Yes,Yes,Sometimes,More than 1000,No,Yes,Yes,Yes,Yes,Yes,Yes,Somewhat easy,Yes,Maybe,No,No,No,No,Don't know,No
31,Female,No,Yes,Yes,Sometimes,100-500,No,Yes,Don't know,No,No,No,Don't know,Don't know,No,No,Some of them,Some of them,No,No,Don't know,No
28,Female,No,Yes,Yes,Rarely,500-1000,No,Yes,Yes,Yes,Yes,Yes,Don't know,Somewhat difficult,Maybe,No,No,Some of them,No,No,No,No
37,Male,No,Yes,Yes,Sometimes,100-500,No,No,Yes,Yes,No,No,Don't know,Somewhat difficult,Yes,Maybe,Some of them,Some of them,No,Maybe,No,No
34,Male,Yes,Yes,Yes,Sometimes,6-25,No,Yes,No,Yes,No,No,Yes,Somewhat easy,No,No,Some of them,Some of them,No,No,No,No
32,Other,No,No,No,Sometimes,26-100,Yes,Yes,No,Yes,No,No,Yes,Very difficult,Yes,Maybe,Some of them,No,No,Maybe,No,Yes
28,Male,No,Yes,Yes,Sometimes,26-100,Yes,Yes,Yes,Not sure,No,Don't know,Don't know,Don't know,Yes,No,Some of them,Some of them,No,No,Don't know,Yes
24,Female,No,No,Yes,Sometimes,100-500,No,Yes,No,No,No,No,Don't know,Don't know,Maybe,No,No,Some of them,No,Maybe,Don't know,No
56,Male,No,Yes,Yes,Rarely,6-25,No,Yes,Yes,Yes,No,No,Don't know,Don't know,Yes,Maybe,Some of them,Some of them,No,No,Don't know,No
31,Male,No,No,No,Sometimes,6-25,Yes,Yes,No,No,No,No,No,Very easy,No,No,Yes,Yes,Maybe,Maybe,Yes,No
34,Female,No,No,Yes,Sometimes,100-500,Yes,Yes,Yes,Yes,No,Don't know,Don't know,Somewhat easy,Maybe,No,Some of them,Yes,No,No,Yes,No
35,Male,No,No,Yes,Rarely,100-500,No,No,Don't know,No,Yes,Don't know,Don't know,Very easy,No,No,Some of them,Yes,No,No,Yes,No
28,Male,No,No,No,Never,26-100,No,Yes,No,No,No,No,Don't know,Somewhat easy,No,No,Some of them,Some of them,Yes,Yes,Don't know,No
36,Male,Yes,Yes,Yes,Often,6-25,No,Yes,No,No,No,No,Don't know,Somewhat easy,No,No,Some of them,Yes,Maybe,Maybe,Yes,Yes
30,Male,No,No,Yes,Often,26-100,No,Yes,No,No,No,No,Yes,Somewhat easy,No,No,Some of them,Yes,No,Maybe,Yes,No
35,Male,Yes,No,No,Sometimes,1-5,Yes,Yes,Yes,Not sure,No,No,Yes,Very easy,No,No,Some of them,Yes,No,No,Yes,No
49,Male,Yes,Yes,Yes,Sometimes,1-5,Yes,Yes,No,Yes,Yes,No,Don't know,Somewhat difficult,Yes,Yes,No,No,No,No,No,Yes
36,Male,No,No,No,Sometimes,26-100,No,Yes,Yes,Yes,No,No,Yes,Very easy,No,No,Some of them,Yes,Maybe,Maybe,Yes,No
35,Male,No,No,No,Sometimes,26-100,No,Yes,No,No,No,No,Don't know,Very easy,Maybe,No,Some of them,Some of them,No,No,Don't know,No
29,Female,No,Yes,Yes,Sometimes,More than 1000,No,No,Yes,Yes,Yes,Yes,No,Somewhat difficult,Yes,No,Some of them,Some of them,No,No,No,Yes
57,Male,No,No,No,Never,26-100,No,Yes,Yes,Yes,No,Yes,Yes,Somewhat difficult,Yes,Maybe,No,No,No,Maybe,Don't know,Yes
31,Female,No,Yes,Yes,Rarely,100-500,No,No,Yes,No,No,No,No,Don't know,Maybe,No,Some of them,No,No,No,Don't know,Yes
37,Male,Yes,No,No,Never,6-25,No,Yes,No,No,No,No,Don't know,Don't know,Yes,Maybe,No,No,No,Maybe,Don't know,No
25,Male,No,Yes,Yes,Sometimes,26-100,No,Yes,No,No,No,No,Don't know,Don't know,Maybe,No,Some of them,Some of them,No,Maybe,No,No
30,Male,No,No,No,Sometimes,26-100,No,Yes,No,No,No,No,Don't know,Very easy,No,No,Some of them,Some of them,No,No,Don't know,No
26,Female,No,Yes,No,Sometimes,100-500,No,No,No,Yes,Yes,Yes,Don't know,Somewhat easy,No,No,Yes,Yes,No,No,Don't know,No
22,Female,No,No,No,Often,6-25,No,Yes,No,No,No,No,Don't know,Don't know,No,No,No,Some of them,No,Yes,Don't know,No
39,Male,No,No,No,Rarely,More than 1000,Yes,No,Don't know,No,Yes,Yes,Don't know,Don't know,No,No,Some of them,Some of them,No,Maybe,Don't know,No
29,Male,No,Yes,Yes,Never,100-500,No,Yes,Don't know,Not sure,Don't know,Don't know,Don't know,Don't know,Maybe,Maybe,No,No,No,No,No,No
54,Male,Yes,Yes,Yes,Sometimes,1-5,Yes,Yes,Don't know,Not sure,No,No,Don't know,Very easy,No,No,Some of them,Yes,Yes,Yes,Don't know,Yes
34,Female,No,Yes,No,Never,500-1000,No,No,Don't know,No,Yes,Yes,Don't know,Don't know,Yes,Maybe,No,No,No,No,Don't know,Yes
32,Male,No,No,Yes,Never,500-1000,No,No,Yes,Not sure,Yes,Yes,Don't know,Very easy,Maybe,No,No,No,No,No,Yes,No
25,Male,No,No,No,Sometimes,6-25,No,Yes,No,No,No,No,Don't know,Don't know,Maybe,No,Yes,Yes,No,Yes,Don't know,No
29,Male,No,No,No,Rarely,1-5,No,Yes,No,No,No,No,No,Somewhat difficult,No,Maybe,Some of them,No,No,No,Yes,No
32,Male,Yes,No,No,Never,1-5,Yes,Yes,No,No,No,No,Don't know,Don't know,No,No,Some of them,Yes,No,Maybe,Don't know,No
30,Male,No,Yes,Yes,Sometimes,More than 1000,No,Yes,Yes,Yes,No,Don't know,Yes,Don't know,Maybe,No,Some of them,Yes,No,Yes,Yes,No
31,Male,No,No,No,Sometimes,6-25,No,Yes,Don't know,No,No,Don't know,Don't know,Somewhat easy,No,No,Some of them,Yes,Maybe,Maybe,Don't know,No
20,Female,No,No,No,Rarely,More than 1000,No,Yes,Yes,Yes,Yes,Yes,Yes,Somewhat easy,No,No,Some of them,Some of them,No,Maybe,Yes,No
27,Male,No,No,No,Never,1-5,No,Yes,Don't know,No,No,Don't know,Don't know,Don't know,No,No,Some of them,Yes,Maybe,Maybe,Don't know,No
32,Male,No,No,No,Never,More than 1000,No,Yes,Don't know,Not sure,Don't know,Don't know,Don't know,Don't know,Maybe,Maybe,Some of them,Some of them,No,No,Don't know,No
26,Male,Yes,No,No,Never,1-5,Yes,Yes,No,No,No,No,Don't know,Somewhat difficult,Maybe,No,Some of them,Yes,Maybe,Maybe,Yes,No
30,Male,No,No,No,Sometimes,More than 1000,No,No,Don't know,No,No,No,Yes,Very easy,No,No,Some of them,Some of them,No,No,Don't know,No
30,Male,No,No,Yes,Sometimes,26-100,Yes,Yes,No,No,Don't know,No,Don't know,Very difficult,Maybe,Maybe,Some of them,No,No,No,No,No
22,Male,Yes,No,No,Sometimes,1-5,Yes,Yes,Don't know,No,Don't know,Don't know,Don't know,Very easy,Maybe,Maybe,Some of them,Some of them,Maybe,Maybe,Yes,Yes
24,Male,No,No,No,Sometimes,More than 1000,No,Yes,Don't know,Not sure,Don't know,Don't know,Don't know,Don't know,No,No,No,No,No,No,Don't know,No
26,Male,No,No,No,Never,26-100,No,Yes,No,No,No,No,Don't know,Don't know,Maybe,Maybe,No,No,No,No,Don't know,No
43,Male,No,No,No,Sometimes,100-500,No,Yes,Don't know,No,No,No,Don't know,Don't know,No,No,Some of them,Yes,Maybe,Maybe,Don't know,No
26,Male,No,No,No,Never,26-100,No,Yes,No,Not sure,No,Don't know,Don't know,Somewhat difficult,No,No,Some of them,No,No,Maybe,Don't know,No
23,Male,No,Yes,No,Sometimes,6-25,No,Yes,Don't know,Not sure,No,Don't know,Don't know,Don't know,Maybe,No,No,No,No,Maybe,Don't know,No
26,Male,No,No,No,Sometimes,100-500,Yes,Yes,Yes,Not sure,Don't know,Yes,Don't know,Somewhat easy,No,No,Some of them,Some of them,No,No,Yes,No
26,Female,No,Yes,No,Never,100-500,No,Yes,Don't know,No,Don't know,Don't know,Don't know,Don't know,Maybe,No,Some of them,No,No,No,Yes,No
35,Male,No,Yes,No,Sometimes,26-100,No,Yes,Don't know,No,No,No,Don't know,Don't know,Maybe,Maybe,Some of them,Some of them,No,No,No,No
28,Male,No,No,Yes,Sometimes,26-100,Yes,No,Don't know,Not sure,No,Don't know,Don't know,Don't know,No,No,Some of them,Yes,No,Maybe,Don't know,No
22,Male,No,No,No,Sometimes,26-100,No,Yes,No,No,No,No,Don't know,Don't know,Maybe,Maybe,Some of them,Yes,Maybe,Maybe,Don't know,No
29,Female,No,Yes,Yes,Rarely,6-25,No,Yes,Don't know,No,No,No,Don't know,Don't know,Yes,No,No,No,No,No,Don't know,No
29,Male,Yes,No,No,Sometimes,1-5,No,Yes,No,Yes,No,No,Yes,Very easy,No,No,Yes,Yes,Yes,Yes,Yes,No
45,Male,No,No,Yes,Often,1-5,Yes,Yes,Yes,Not sure,No,Yes,Don't know,Very easy,No,No,Yes,Yes,No,Maybe,Yes,No
33,Male,No,No,Yes,Rarely,26-100,Yes,Yes,No,No,No,No,Don't know,Somewhat easy,Maybe,No,Some of them,Some of them,No,Maybe,Don't know,Yes
38,Male,No,No,Yes,Sometimes,More than 1000,No,No,Yes,Yes,Yes,Yes,Don't know,Don't know,No,No,Some of them,Yes,No,No,Don't know,No
19,Female,No,Yes,Yes,Often,26-100,No,No,Don't know,Not sure,No,No,Don't know,Somewhat difficult,Maybe,Maybe,No,No,No,Maybe,No,No
29,Female,No,No,Yes,Rarely,More than 1000,Yes,No,Yes,Yes,Yes,Don't know,Yes,Somewhat easy,No,No,No,Yes,No,Maybe,Don't know,No
21,Female,No,No,No,Sometimes,6-25,No,Yes,No,No,No,No,Don't know,Don't know,Yes,Maybe,Some of them,No,No,No,Don't know,No
23,Female,No,Yes,Yes,Sometimes,More than 1000,No,Yes,Don't know,Not sure,No,Don't know,Don't know,Don't know,Yes,Maybe,No,No,No,No,Don't know,No
33,Female,No,Yes,Yes,Rarely,More than 1000,No,Yes,Yes,Yes,Yes,Yes,Yes,Somewhat easy,No,No,Some of them,Yes,No,No,Yes,No
49,Male,No,Yes,Yes,Sometimes,100-500,No,Yes,Yes,Not sure,Yes,Yes,Yes,Somewhat easy,Maybe,Maybe,Some of them,Yes,No,No,Yes,No
28,Male,No,No,No,Sometimes,26-100,Yes,Yes,Don't know,No,No,No,Don't know,Don't know,Maybe,No,Some of them,No,No,No,Don't know,No
27,Female,No,No,Yes,Sometimes,6-25,Yes,Yes,Don't know,Not sure,Yes,Don't know,Yes,Very easy,No,No,Yes,Yes,Maybe,Maybe,Yes,No
23,Male,No,No,Yes,Sometimes,6-25,No,Yes,Yes,No,No,No,Don't know,Somewhat easy,Maybe,Maybe,Some of them,Some of them,No,No,Don't know,No
29,Male,No,No,No,Never,1-5,Yes,Yes,No,No,No,No,Yes,Somewhat easy,No,No,Yes,Yes,No,Maybe,Yes,No
30,Male,No,No,No,Sometimes,26-100,No,Yes,Don't know,No,No,Don't know,Yes,Somewhat easy,No,No,Some of them,No,Maybe,Maybe,Don't know,No
28,Female,No,No,No,Sometimes,More than 1000,No,Yes,Yes,Not sure,Don't know,Don't know,Don't know,Somewhat easy,No,No,Some of them,Yes,No,No,Don't know,No
32,Male,No,No,No,Sometimes,6-25,No,Yes,No,No,No,No,Don't know,Don't know,Yes,No,No,No,No,Yes,No,No
32,Male,No,No,Yes,Sometimes,26-100,No,No,Yes,Yes,No,No,Yes,Very easy,No,No,No,Yes,No,No,Yes,No
37,Male,No,No,No,Sometimes,100-500,No,Yes,No,No,No,No,Don't know,Somewhat easy,Maybe,Maybe,Some of them,Some of them,No,Maybe,No,No
39,Female,No,No,No,Sometimes,More than 1000,Yes,No,No,Yes,No,No,Don't know,Very difficult,Yes,Maybe,No,No,No,Maybe,No,No
31,Male,No,No,No,Sometimes,500-1000,No,Yes,Don't know,No,No,Don't know,Don't know,Don't know,Maybe,Maybe,Some of them,No,No,No,Yes,No
29,Male,No,No,No,Sometimes,6-25,No,Yes,No,No,No,Don't know,Don't know,Somewhat difficult,Maybe,Maybe,Some of them,No,No,No,Don't know,No
30,Male,No,No,No,Sometimes,100-500,No,No,Yes,No,No,Don't know,Don't know,Don't know,Maybe,No,Some of them,Yes,No,No,Don't know,No
33,Male,Yes,Yes,Yes,Rarely,1-5,Yes,Yes,No,Yes,Yes,Yes,No,Very difficult,No,No,Yes,Yes,No,No,Yes,Yes
37,Male,No,Yes,Yes,Sometimes,100-500,No,Yes,Yes,Yes,Don't know,Don't know,Yes,Don't know,Maybe,No,Yes,Yes,No,No,Don't know,No
23,Male,No,No,Yes,Often,26-100,No,No,Yes,Yes,Yes,No,Yes,Somewhat easy,No,No,Some of them,Yes,No,Maybe,Yes,No
43,Male,No,Yes,Yes,Sometimes,26-100,No,No,Yes,Not sure,No,Yes,Don't know,Somewhat easy,Yes,No,No,No,No,No,No,No
32,Male,No,No,Yes,Rarely,100-500,No,Yes,Don't know,No,No,No,Don't know,Don't know,Maybe,No,Yes,Yes,No,Maybe,No,Yes
26,Male,No,No,No,Never,26-100,No,Yes,Don't know,Not sure,No,No,Don't know,Don't know,Yes,Yes,Some of them,No,No,No,No,No
32,Male,Yes,No,Yes,Sometimes,1-5,Yes,Yes,Don't know,Not sure,Don't know,Don't know,Don't know,Very easy,No,No,Yes,Yes,Yes,Yes,Don't know,No
37,Female,No,No,No,Sometimes,26-100,Yes,Yes,Don't know,Not sure,No,Don't know,Don't know,Don't know,Yes,No,Some of them,No,No,No,Don't know,No
29,Male,No,No,Yes,Often,26-100,No,Yes,Yes,Yes,No,No,Yes,Very easy,No,No,Yes,Yes,Maybe,Maybe,Yes,No
34,Male,No,No,No,Sometimes,6-25,No,Yes,No,No,No,No,Don't know,Somewhat easy,Maybe,Maybe,Some of them,Yes,No,Maybe,Don't know,No
27,Male,No,No,No,Sometimes,6-25,No,Yes,Don't know,Not sure,Don't know,Don't know,Don't know,Don't know,No,No,Yes,Yes,No,No,Yes,No
30,Male,No,Yes,No,Never,100-500,No,Yes,Don't know,No,No,Don't know,Don't know,Very easy,No,No,Some of them,Yes,No,Maybe,Don't know,No
29,Male,No,No,No,Never,6-25,No,Yes,Yes,Yes,No,Yes,Yes,Don't know,Maybe,No,Some of them,Some of them,No,No,No,No
32,Male,Yes,Yes,Yes,Sometimes,1-5,Yes,Yes,Yes,Yes,Don't know,Don't know,Don't know,Very difficult,Yes,Maybe,Some of them,No,No,No,No,No
25,Male,No,No,No,Sometimes,500-1000,No,Yes,Yes,Yes,Don't know,Yes,Yes,Somewhat easy,Maybe,Maybe,Some of them,Yes,Yes,Yes,Yes,No
37,Male,Yes,No,No,Sometimes,6-25,Yes,Yes,Yes,Yes,Yes,No,Yes,Somewhat easy,No,No,Yes,Yes,Maybe,Maybe,Yes,No
29,Male,No,Yes,No,Sometimes,6-25,No,Yes,No,No,No,No,Don't know,Very easy,No,No,Some of them,Yes,No,Maybe,Yes,No
27,Male,No,No,No,Sometimes,26-100,No,Yes,Yes,Not sure,No,Don't know,Don't know,Don't know,No,No,Yes,Yes,No,No,Don't know,No
33,Male,No,No,No,Sometimes,6-25,No,Yes,Don't know,No,No,No,Don't know,Don't know,Maybe,No,Some of them,Some of them,No,Maybe,Don't know,No
30,Male,No,Yes,Yes,Sometimes,More than 1000,No,No,Don't know,No,No,No,No,Very difficult,Yes,No,Some of them,No,No,Yes,No,Yes
29,Male,No,No,No,Sometimes,1-5,Yes,Yes,No,Yes,No,No,Don't know,Somewhat difficult,Maybe,Maybe,Yes,Yes,No,Maybe,Don't know,No
25,Male,No,Yes,Yes,Never,6-25,Yes,Yes,Don't know,No,Yes,Don't know,Don't know,Don't know,Yes,No,Some of them,Yes,No,No,No,No
33,Male,No,Yes,Yes,Sometimes,1-5,No,No,No,Yes,No,No,Don't know,Don't know,No,No,Some of them,Yes,Maybe,Maybe,Don't know,No
31,Male,No,No,No,Never,100-500,Yes,Yes,No,No,No,No,No,Don't know,No,No,Some of them,Some of them,No,Maybe,No,No
21,Male,No,No,No,Rarely,6-25,Yes,Yes,Don't know,No,No,No,Don't know,Very easy,Maybe,Maybe,Some of them,Some of them,No,Maybe,No,No
30,Male,No,Yes,Yes,Sometimes,26-100,No,Yes,Don't know,No,No,No,No,Very difficult,Yes,Yes,No,No,No,No,No,No
29,Male,No,No,No,Sometimes,More than 1000,No,No,Don't know,Not sure,Don't know,Don't know,Don't know,Don't know,No,No,Yes,Yes,No,No,No,No
43,Male,Yes,No,Yes,Sometimes,1-5,Yes,Yes,No,No,No,No,Yes,Very difficult,Yes,No,Yes,No,No,Maybe,No,Yes
37,Male,No,No,Yes,Often,6-25,No,Yes,No,No,No,No,Don't know,Don't know,Yes,No,Yes,Yes,Maybe,Yes,No,No
24,Male,No,No,No,Sometimes,26-100,No,Yes,No,No,Yes,No,Don't know,Don't know,Maybe,No,Yes,Some of them,No,No,Don't know,No
29,Male,No,No,No,Sometimes,6-25,Yes,Yes,Don't know,Not sure,No,No,Don't know,Very easy,No,No,Yes,Yes,No,No,Don't know,No
31,Male,No,No,No,Sometimes,26-100,No,No,Yes,Yes,Yes,Yes,Yes,Don't know,No,No,Yes,Yes,No,No,Don't know,No
33,Male,Yes,No,No,Never,100-500,No,No,No,Not sure,No,No,Don't know,Very easy,No,No,Yes,Some of them,No,Yes,No,No
43,Male,No,No,No,Sometimes,More than 1000,No,No,Yes,Yes,Don't know,Yes,Yes,Don't know,No,No,Some of them,Yes,No,Maybe,Don't know,No
33,Male,No,No,Yes,Sometimes,26-100,No,Yes,Don't know,Not sure,No,No,Don't know,Don't know,Maybe,No,Some of them,No,No,Maybe,Don't know,No
27,Male,No,No,No,Sometimes,6-25,No,Yes,No,No,No,Yes,Yes,Don't know,Maybe,No,Yes,Some of them,No,Yes,Yes,No
36,Male,No,Yes,Yes,Sometimes,More than 1000,Yes,No,Don't know,No,Don't know,Don't know,Don't know,Don't know,Yes,Maybe,No,No,No,Maybe,Don't know,No
37,Male,No,Yes,Yes,Sometimes,26-100,No,Yes,No,Yes,No,No,Yes,Very easy,No,No,Some of them,Yes,No,Maybe,Yes,Yes
32,Male,No,No,No,Sometimes,6-25,No,Yes,No,Yes,No,No,Don't know,Very difficult,Yes,Maybe,No,No,No,No,No,No
39,Male,No,No,Yes,Sometimes,100-500,No,Yes,No,No,No,No,Don't know,Very easy,No,No,No,Some of them,No,Yes,Yes,No
31,Male,No,Yes,Yes,Sometimes,26-100,No,Yes,Yes,Yes,No,Don't know,Don't know,Somewhat easy,Maybe,No,Some of them,Yes,Maybe,Yes,Don't know,No
36,Male,No,No,Yes,Sometimes,100-500,Yes,Yes,Yes,Yes,No,No,Don't know,Very difficult,Maybe,Maybe,Some of them,Some of them,Maybe,Maybe,Don't know,No
30,Male,Yes,No,Yes,Sometimes,26-100,Yes,Yes,Don't know,Not sure,Don't know,Don't know,Don't know,Don't know,No,No,Some of them,Some of them,No,Yes,Don't know,No
28,Male,No,No,No,Sometimes,6-25,No,Yes,Yes,Not sure,No,Don't know,Yes,Very easy,No,No,Some of them,Yes,Maybe,Maybe,Yes,No
32,Male,No,No,No,Sometimes,6-25,No,Yes,No,No,No,No,No,Somewhat difficult,Maybe,No,Some of them,No,Maybe,Maybe,No,No
35,Male,No,Yes,Yes,Rarely,6-25,No,Yes,Yes,Yes,Yes,Yes,Yes,Very easy,No,No,Some of them,Yes,No,No,Yes,No
19,Male,No,No,Yes,Sometimes,26-100,No,Yes,Don't know,Not sure,No,No,Don't know,Somewhat difficult,No,No,Some of them,Yes,No,Yes,Don't know,No
33,Male,No,Yes,No,Sometimes,26-100,No,Yes,Yes,Yes,No,No,Don't know,Very easy,No,No,Some of them,Yes,No,No,Don't know,No
42,Male,No,No,No,Sometimes,More than 1000,Yes,Yes,Don't know,Not sure,Yes,Yes,Yes,Very easy,No,No,Some of them,No,No,Maybe,Yes,No
37,Male,No,Yes,Yes,Sometimes,100-500,No,Yes,Don't know,Not sure,Don't know,Don't know,Don't know,Don't know,Maybe,No,Some of them,Some of them,No,No,Don't know,No
40,Male,Yes,No,No,Never,6-25,No,Yes,No,No,No,No,Yes,Very easy,No,No,Some of them,Yes,Maybe,Maybe,Yes,No
36,Male,No,No,No,Never,More than 1000,No,Yes,Yes,Yes,Yes,Yes,Yes,Very easy,No,No,Some of them,Yes,No,No,Yes,No
29,Female,No,Yes,Yes,Sometimes,26-100,Yes,No,Don't know,No,No,Don't know,Don't know,Don't know,Maybe,No,Some of them,Yes,No,Maybe,Don't know,No
38,Female,No,Yes,Yes,Sometimes,26-100,No,No,Yes,Not sure,No,Don't know,Don't know,Don't know,Maybe,No,No,No,No,No,Don't know,No
26,Male,No,Yes,Yes,Sometimes,More than 1000,No,Yes,Yes,No,Yes,Don't know,Don't know,Somewhat difficult,Yes,Maybe,No,No,No,Maybe,No,No
34,Male,No,No,No,Rarely,26-100,No,Yes,No,No,No,No,Yes,Somewhat easy,Maybe,Maybe,No,Some of them,Maybe,Maybe,Yes,No
21,Male,No,No,Yes,Often,More than 1000,No,No,No,Yes,No,No,No,Don't know,Yes,No,Some of them,Some of them,No,Yes,No,Yes
31,Male,Yes,Yes,No,Sometimes,1-5,Yes,Yes,No,Yes,No,No,Yes,Somewhat easy,No,No,No,No,No,No,Yes,No
37,Female,No,Yes,Yes,Rarely,26-100,No,No,Yes,Yes,Yes,Yes,Don't know,Don't know,Maybe,Maybe,Yes,Some of them,No,Maybe,Yes,No
37,Male,No,Yes,Yes,Sometimes,1-5,No,Yes,No,No,No,No,Don't know,Very easy,No,No,Yes,Yes,Maybe,Maybe,Yes,No
38,Male,No,Yes,Yes,Sometimes,1-5,No,Yes,No,No,No,No,No,Very difficult,Yes,Yes,No,No,No,No,No,No
27,Female,No,No,Yes,Sometimes,100-500,No,Yes,Don't know,Not sure,Yes,Don't know,Don't know,Somewhat easy,Yes,No,Some of them,No,No,Maybe,No,No
39,Male,Yes,No,No,Sometimes,6-25,No,Yes,No,No,Yes,No,Yes,Somewhat easy,No,No,Some of them,Yes,Maybe,Maybe,Yes,No
33,Female,Yes,Yes,Yes,Sometimes,1-5,No,Yes,Yes,Yes,Yes,Yes,Yes,Somewhat easy,Maybe,Yes,Some of them,No,No,No,No,No
27,Male,No,No,No,Never,26-100,No,Yes,Don't know,Not sure,No,Don't know,Don't know,Somewhat easy,No,No,Some of them,No,Yes,Yes,Don't know,No
36,Female,No,No,Yes,Never,6-25,Yes,Yes,Yes,No,No,No,Don't know,Don't know,Maybe,Maybe,Some of them,Some of them,No,No,No,No
28,Male,No,No,No,Never,26-100,No,Yes,Don't know,Not sure,No,No,Don't know,Somewhat easy,No,No,Some of them,Yes,Maybe,Yes,Don't know,No
39,Male,No,No,Yes,Sometimes,500-1000,No,No,Don't know,No,No,No,Don't know,Don't know,Maybe,Maybe,Some of them,Some of them,No,No,Don't know,No
33,Male,Yes,Yes,Yes,Sometimes,1-5,Yes,Yes,No,Yes,No,No,Yes,Very easy,Maybe,Maybe,Yes,Yes,No,No,Yes,No
32,Male,No,No,No,Sometimes,More than 1000,No,No,Don't know,Not sure,No,Don't know,Don't know,Don't know,Maybe,No,Some of them,Some of them,No,Yes,Don't know,No
28,Male,No,No,No,Sometimes,More than 1000,No,No,Don't know,Not sure,No,Don't know,Don't know,Don't know,No,No,Some of them,Some of them,Yes,Yes,No,No
37,Male,No,Yes,Yes,Rarely,6-25,No,Yes,No,No,No,No,Yes,Somewhat easy,Yes,No,Some of them,Yes,No,Maybe,No,Yes
39,Male,No,No,Yes,Sometimes,100-500,No,No,Yes,Yes,Yes,Yes,Yes,Very easy,Yes,No,Some of them,Yes,No,Maybe,No,Yes
43,Male,No,No,No,Sometimes,6-25,Yes,Yes,Don't know,No,No,Don't know,Don't know,Don't know,Maybe,No,No,No,No,Maybe,No,No
32,Other,No,No,Yes,Sometimes,More than 1000,No,No,Don't know,No,Yes,Yes,Don't know,Don't know,No,No,Yes,Some of them,Yes,Yes,Yes,Yes
27,Female,No,No,No,Sometimes,More than 1000,No,Yes,Don't know,Not sure,No,Yes,Don't know,Don't know,Maybe,No,Some of them,Yes,No,No,Don't know,No
31,Female,No,No,No,Sometimes,6-25,No,Yes,Don't know,No,No,No,Don't know,Don't know,No,No,Yes,Yes,Maybe,Maybe,Don't know,No
43,Male,No,No,Yes,Never,26-100,No,Yes,Don't know,No,No,Don't know,Don't know,Don't know,No,No,Yes,Yes,Yes,Yes,Don't know,No
33,Male,No,No,Yes,Sometimes,6-25,Yes,Yes,No,Yes,No,No,Yes,Somewhat difficult,No,No,Yes,Yes,Yes,Yes,Don't know,No
34,Male,No,Yes,Yes,Sometimes,More than 1000,No,Yes,Don't know,Not sure,Don't know,Don't know,Yes,Very easy,No,No,Some of them,Yes,No,Maybe,Yes,No
33,Male,Yes,No,No,Sometimes,1-5,No,Yes,Don't know,No,No,No,Don't know,Don't know,No,No,Yes,Yes,No,Maybe,Don't know,No
25,Male,No,No,No,Sometimes,6-25,No,Yes,Don't know,No,No,No,Don't know,Don't know,No,No,Some of them,Yes,No,No,Don't know,No
25,Male,No,Yes,Yes,Sometimes,More than 1000,No,No,Yes,Yes,Yes,Yes,Yes,Don't know,Maybe,No,Some of them,Some of them,No,No,No,Yes
32,Male,Yes,Yes,No,Sometimes,1-5,No,Yes,No,Yes,No,No,Yes,Somewhat easy,No,No,No,Yes,No,Maybe,No,No
25,Male,No,Yes,Yes,Sometimes,26-100,No,Yes,Yes,Yes,Don't know,Don't know,Yes,Don't know,Maybe,No,Some of them,Some of them,No,Maybe,Don't know,No
37,Male,No,No,No,Sometimes,100-500,Yes,No,Don't know,No,Don't know,Don't know,Don't know,Somewhat easy,Maybe,No,Yes,Yes,No,No,Don't know,No
39,Male,No,No,Yes,Never,More than 1000,No,Yes,Yes,Yes,Yes,Yes,Yes,Somewhat easy,No,No,Some of them,Some of them,No,Maybe,Yes,No
29,Male,No,No,No,Rarely,100-500,No,Yes,Don't know,Not sure,No,No,Don't know,Somewhat easy,No,No,Some of them,Yes,No,Maybe,Don't know,Yes
33,Male,No,No,Yes,Sometimes,More than 1000,No,Yes,Yes,Yes,Don't know,Don't know,Don't know,Don't know,Maybe,Maybe,Some of them,Some of them,No,No,Don't know,No
37,Female,No,No,Yes,Often,6-25,Yes,Yes,Don't know,Not sure,No,No,Yes,Somewhat difficult,Yes,No,Some of them,Some of them,No,Yes,No,Yes
35,Female,No,No,Yes,Sometimes,100-500,No,No,Yes,No,No,No,Yes,Very difficult,Yes,Maybe,No,Some of them,No,Yes,No,Yes
22,Female,No,Yes,Yes,Sometimes,More than 1000,No,Yes,Don't know,Not sure,Don't know,Don't know,Don't know,Very difficult,Yes,Maybe,Some of them,Some of them,No,Maybe,No,Yes
38,Male,No,No,No,Never,26-100,No,Yes,Yes,Yes,No,No,Don't know,Somewhat easy,Maybe,No,Some of them,Yes,No,Maybe,No,Yes
32,Female,No,Yes,Yes,Often,100-500,No,Yes,Yes,No,No,Don't know,Don't know,Don't know,Yes,No,Some of them,Yes,No,No,Don't know,No
28,Male,No,No,No,Sometimes,26-100,No,Yes,Don't know,No,No,No,Don't know,Don't know,Maybe,No,Some of them,Yes,Maybe,Yes,No,Yes
27,Male,No,Yes,No,Sometimes,26-100,No,Yes,No,No,No,No,Don't know,Don't know,Maybe,No,Some of them,Yes,No,Yes,No,No
35,Female,No,No,Yes,Sometimes,100-500,Yes,Yes,Don't know,No,Don't know,Don't know,Don't know,Very easy,Maybe,No,Some of them,No,No,Maybe,Yes,No
29,Male,No,No,No,Never,100-500,No,No,Yes,Yes,Yes,No,Yes,Very easy,Yes,Maybe,Yes,Yes,No,Maybe,Don't know,No
23,Male,No,Yes,Yes,Sometimes,6-25,No,Yes,No,Yes,No,No,Don't know,Very easy,No,No,Some of them,Yes,Maybe,Maybe,Yes,No
39,Male,No,No,No,Sometimes,26-100,Yes,Yes,Yes,No,No,No,Don't know,Don't know,Yes,Maybe,No,No,No,No,Don't know,No
30,Female,No,No,No,Sometimes,More than 1000,No,Yes,Yes,Yes,Yes,Yes,Yes,Very easy,No,No,Some of them,No,No,No,Yes,No
32,Male,No,No,No,Sometimes,26-100,No,Yes,Don't know,Not sure,No,Don't know,Don't know,Somewhat easy,Maybe,Maybe,Some of them,Some of them,Maybe,Maybe,Don't know,No
28,Female,No,No,Yes,Sometimes,26-100,No,Yes,No,Yes,No,No,Don't know,Somewhat difficult,Yes,Maybe,Some of them,Some of them,No,No,No,Yes
40,Female,No,Yes,Yes,Sometimes,100-500,No,No,Yes,Yes,Yes,Yes,Yes,Don't know,Maybe,No,Some of them,Yes,No,No,Don't know,Yes
36,Female,No,Yes,No,Sometimes,6-25,No,Yes,Don't know,No,No,Don't know,Don't know,Don't know,No,No,No,Some of them,No,Maybe,Yes,No
27,Male,No,No,No,Sometimes,26-100,Yes,Yes,Don't know,Not sure,No,Don't know,Don't know,Very easy,No,No,Yes,Yes,Maybe,Maybe,Yes,No
41,Male,No,Yes,No,Sometimes,More than 1000,No,Yes,Yes,Yes,No,Yes,Don't know,Don't know,Maybe,No,Some of them,Some of them,No,Maybe,No,No
29,Male,No,No,No,Never,6-25,No,Yes,Don't know,No,No,No,Don't know,Don't know,Maybe,No,Some of them,No,No,Maybe,Don't know,No
29,Male,No,No,Yes,Sometimes,100-500,No,Yes,No,No,No,No,Don't know,Somewhat difficult,No,No,Some of them,Some of them,No,Maybe,No,No
35,Male,No,No,Yes,Often,1-5,No,No,No,No,No,No,Yes,Very difficult,Yes,No,Some of them,Some of them,No,Yes,No,Yes
28,Male,No,No,Yes,Never,6-25,Yes,Yes,No,Yes,No,No,Don't know,Don't know,Maybe,Maybe,Some of them,Some of them,No,No,Don't know,No
36,Female,Yes,No,No,Sometimes,1-5,Yes,Yes,Don't know,Not sure,Don't know,Don't know,Don't know,Don't know,Maybe,No,Some of them,No,No,No,Don't know,No
39,Female,No,No,No,Sometimes,26-100,No,Yes,Don't know,Not sure,No,Don't know,Don't know,Don't know,Yes,No,No,No,No,Yes,Don't know,No
39,Male,No,Yes,Yes,Sometimes,500-1000,No,Yes,Yes,Yes,Yes,Yes,Yes,Very difficult,Maybe,No,Some of them,Yes,No,No,Don't know,No
44,Male,Yes,Yes,Yes,Sometimes,1-5,Yes,Yes,No,Yes,No,No,No,Very easy,Yes,Yes,Some of them,No,No,No,Yes,No
26,Other,Yes,No,Yes,Sometimes,6-25,Yes,Yes,No,Not sure,Yes,Yes,Yes,Very easy,No,No,Some of them,Some of them,Maybe,Maybe,Yes,No
35,Male,Yes,Yes,Yes,Often,1-5,No,Yes,No,Yes,Yes,No,Don't know,Somewhat easy,No,No,Some of them,Some of them,Maybe,Yes,Yes,No
40,Female,No,Yes,Yes,Sometimes,100-500,No,No,Yes,Not sure,Yes,Don't know,Don't know,Don't know,Yes,Maybe,Some of them,No,No,No,Don't know,No
35,Male,Yes,Yes,Yes,Often,1-5,No,Yes,No,Yes,Yes,No,Don't know,Somewhat easy,No,No,Some of them,Some of them,Maybe,Yes,Yes,No
38,Male,No,No,No,Never,More than 1000,Yes,Yes,No,Yes,No,No,No,Very difficult,Yes,Yes,No,No,No,No,Don't know,No
34,Male,No,No,No,Sometimes,More than 1000,Yes,Yes,Don't know,Not sure,Don't know,Don't know,Don't know,Don't know,No,No,Some of them,Yes,No,Maybe,Yes,No
43,Male,No,No,No,Sometimes,More than 1000,No,Yes,Yes,No,Yes,Yes,Don't know,Don't know,No,No,Some of them,Yes,No,Maybe,Don't know,No
48,Female,No,Yes,No,Often,26-100,No,Yes,Don't know,No,No,No,No,Very difficult,Yes,Yes,No,Some of them,No,No,No,Yes
20,Male,No,No,No,Never,26-100,No,Yes,Don't know,Not sure,Don't know,Don't know,Don't know,Don't know,No,No,Some of them,Yes,Maybe,Maybe,Yes,No
40,Male,Yes,No,No,Sometimes,1-5,Yes,Yes,Don't know,Not sure,No,No,Don't know,Somewhat easy,Yes,Maybe,Some of them,No,No,No,Don't know,No
29,Female,No,No,Yes,Rarely,6-25,No,Yes,Don't know,No,No,No,Don't know,Don't know,Maybe,No,Some of them,No,No,Maybe,Don't know,No
35,Male,No,Yes,Yes,Sometimes,1-5,No,No,No,Yes,No,No,Yes,Don't know,No,No,Some of them,Yes,No,No,Yes,No
29,Male,No,Yes,No,Sometimes,More than 1000,Yes,No,Yes,Yes,No,Yes,Yes,Very easy,Maybe,No,Some of them,No,No,No,Yes,No
40,Male,No,No,No,Never,100-500,No,Yes,Yes,Not sure,No,Don't know,Don't know,Don't know,Maybe,No,Some of them,Some of them,No,Maybe,Don't know,No
29,Male,No,No,Yes,Rarely,6-25,No,Yes,No,Yes,No,No,Yes,Very easy,No,No,Some of them,Yes,No,No,Yes,No
29,Female,No,Yes,Yes,Rarely,100-500,No,Yes,Yes,Not sure,Don't know,No,Don't know,Don't know,No,No,Yes,Yes,No,Maybe,Don't know,No
34,Male,No,No,Yes,Sometimes,1-5,No,Yes,No,No,No,No,Don't know,Don't know,Yes,No,No,No,No,Yes,Don't know,No
44,Male,No,Yes,Yes,Sometimes,500-1000,No,No,Don't know,No,No,No,Don't know,Somewhat difficult,Maybe,No,Some of them,Yes,No,Maybe,No,Yes
24,Female,No,Yes,Yes,Often,6-25,No,Yes,Yes,Yes,No,No,Yes,Very easy,No,No,Some of them,Yes,No,Yes,No,Yes
47,Female,No,No,No,Sometimes,100-500,Yes,Yes,Don't know,No,No,Don't know,Don't know,Very difficult,Yes,Yes,No,No,No,No,No,No
43,Male,No,Yes,No,Sometimes,More than 1000,No,No,Don't know,No,No,No,Don't know,Very easy,Maybe,No,Some of them,Yes,No,Maybe,Don't know,No
36,Male,No,No,No,Rarely,More than 1000,No,Yes,Yes,Yes,Yes,Yes,Yes,Somewhat difficult,No,No,Some of them,Yes,No,No,No,No
43,Male,No,No,Yes,Sometimes,More than 1000,No,No,Don't know,No,No,Don't know,Don't know,Very difficult,Maybe,No,Some of them,Yes,No,No,Don't know,No
36,Male,Yes,No,No,Sometimes,6-25,Yes,Yes,No,No,No,No,Don't know,Somewhat difficult,No,No,Yes,Yes,No,Maybe,Don't know,Yes
31,Female,No,Yes,Yes,Sometimes,100-500,No,Yes,Yes,Yes,No,No,Don't know,Somewhat difficult,No,No,Yes,Yes,Maybe,Maybe,Don't know,No
35,Male,No,No,No,Sometimes,More than 1000,No,Yes,Don't know,Not sure,Yes,Don't know,Don't know,Don't know,Maybe,No,Some of them,No,No,No,Don't know,No
33,Male,No,Yes,No,Sometimes,26-100,No,No,Yes,No,No,No,Yes,Somewhat difficult,No,No,Some of them,Some of them,No,No,Don't know,No
37,Male,No,No,No,Sometimes,26-100,No,Yes,Don't know,Not sure,Don't know,Don't know,Don't know,Don't know,Yes,Yes,Some of them,No,No,No,No,No
34,Male,No,No,Yes,Sometimes,100-500,No,Yes,Don't know,No,Yes,Don't know,Yes,Don't know,Maybe,No,Some of them,No,No,No,Don't know,No
36,Male,Yes,No,Yes,Sometimes,1-5,No,Yes,No,No,No,No,Don't know,Very easy,No,No,Yes,No,No,No,Yes,No
40,Male,Yes,Yes,Yes,Sometimes,1-5,Yes,Yes,No,Yes,No,No,Yes,Very easy,No,No,Yes,Yes,No,No,Yes,No
40,Male,No,No,No,Rarely,More than 1000,No,Yes,Yes,Yes,Yes,Yes,Yes,Don't know,No,No,Some of them,Some of them,No,Maybe,Don't know,No
42,Male,No,No,Yes,Sometimes,1-5,Yes,Yes,No,Yes,No,No,Don't know,Somewhat easy,Maybe,No,No,No,No,Maybe,Don't know,No
23,Male,No,Yes,No,Sometimes,26-100,Yes,Yes,Yes,Yes,No,Don't know,Yes,Don't know,Maybe,No,No,Some of them,No,No,Don't know,No
21,Male,No,Yes,No,Never,6-25,No,No,No,No,No,No,Yes,Somewhat easy,Maybe,No,Some of them,Some of them,No,Maybe,Don't know,No
26,Male,No,No,No,Sometimes,6-25,Yes,Yes,No,No,No,No,Don't know,Very difficult,Yes,Maybe,Some of them,Some of them,No,Maybe,Don't know,No
31,Male,No,Yes,No,Sometimes,6-25,No,Yes,Don't know,Not sure,No,No,Don't know,Don't know,Maybe,No,Some of them,Some of them,No,No,Don't know,No
25,Male,No,Yes,No,Sometimes,More than 1000,No,Yes,Yes,Yes,Yes,Yes,Yes,Very easy,No,No,Some of them,Yes,Maybe,Yes,Yes,No
51,Male,No,No,No,Never,More than 1000,Yes,Yes,Yes,Yes,Yes,Yes,Yes,Very easy,No,No,Yes,Yes,No,No,Yes,No
24,Male,No,No,No,Sometimes,6-25,No,Yes,Don't know,Not sure,Don't know,No,Yes,Somewhat easy,No,No,Some of them,Yes,No,Maybe,Don't know,No
33,Male,No,No,No,Sometimes,100-500,No,Yes,No,No,No,No,Don't know,Don't know,Maybe,No,Some of them,Yes,No,No,No,No
32,Male,No,Yes,Yes,Rarely,6-25,No,No,No,No,No,No,No,Don't know,Yes,Maybe,Some of them,No,No,No,No,No
32,Male,No,Yes,Yes,Rarely,6-25,No,No,No,No,No,No,No,Don't know,Yes,Maybe,Some of them,No,No,No,No,No
26,Male,Yes,No,Yes,Rarely,1-5,Yes,Yes,No,Not sure,Don't know,Don't know,Don't know,Somewhat difficult,No,No,Yes,Yes,Maybe,Maybe,Yes,No
23,Male,No,No,No,Never,100-500,No,No,Don't know,No,Don't know,Don't know,Don't know,Don't know,Maybe,No,Some of them,Some of them,Maybe,Maybe,Don't know,No
33,Male,No,Yes,Yes,Often,6-25,Yes,Yes,No,Yes,No,No,Don't know,Very difficult,Yes,No,Some of them,Yes,No,Maybe,No,No
46,Male,No,No,Yes,Rarely,More than 1000,No,No,Yes,Yes,Yes,Yes,Yes,Somewhat easy,Yes,Maybe,No,No,No,Maybe,Yes,No
34,Male,No,No,No,Sometimes,6-25,Yes,Yes,No,No,No,No,No,Somewhat difficult,Yes,Maybe,No,No,No,Yes,No,Yes
35,Male,No,Yes,Yes,Sometimes,6-25,No,Yes,Yes,Yes,No,No,Don't know,Somewhat easy,Maybe,Maybe,Some of them,Some of them,No,No,Don't know,No
39,Male,No,No,No,Sometimes,1-5,Yes,Yes,No,Yes,No,No,Don't know,Very difficult,Maybe,Maybe,Some of them,Yes,Maybe,Maybe,No,No
32,Male,Yes,No,No,Sometimes,1-5,Yes,Yes,No,Yes,No,No,Yes,Somewhat easy,No,No,Some of them,Some of them,Maybe,Maybe,No,No
43,Male,Yes,No,No,Sometimes,More than 1000,Yes,Yes,Don't know,No,No,Don't know,Don't know,Don't know,No,No,Some of them,Yes,No,Maybe,Don't know,No
56,Male,No,No,Yes,Rarely,More than 1000,Yes,Yes,Yes,Yes,Don't know,Yes,Yes,Somewhat easy,No,No,Yes,Yes,Yes,Yes,Yes,No
32,Female,No,Yes,Yes,Sometimes,100-500,No,Yes,Don't know,No,No,No,Don't know,Somewhat difficult,Maybe,No,Some of them,Some of them,No,Yes,Don't know,Yes
41,Male,No,No,No,Sometimes,26-100,No,No,Yes,Yes,Yes,Yes,Yes,Don't know,Maybe,Maybe,Some of them,Some of them,No,Yes,No,Yes
39,Male,No,No,No,Sometimes,More than 1000,Yes,Yes,Don't know,Not sure,Don't know,Don't know,Don't know,Don't know,No,No,Some of them,Yes,No,No,Don't know,No
37,Male,No,Yes,No,Sometimes,500-1000,No,No,Yes,Yes,No,No,Yes,Very easy,Maybe,No,No,No,No,No,No,No
30,Male,Yes,Yes,Yes,Sometimes,6-25,Yes,Yes,Don't know,Not sure,No,Don't know,Don't know,Very difficult,Yes,No,No,No,No,Maybe,Don't know,No
31,Male,No,No,No,Sometimes,26-100,No,Yes,Yes,No,Yes,No,Yes,Somewhat easy,Maybe,No,Some of them,Some of them,No,Maybe,No,No
29,Male,No,No,No,Sometimes,More than 1000,No,No,Don't know,Not sure,No,Don't know,Don't know,Don't know,Maybe,No,No,Some of them,No,Maybe,Don't know,No
23,Female,No,Yes,No,Never,More than 1000,No,No,No,No,No,Yes,Don't know,Somewhat easy,Yes,Maybe,No,No,No,Maybe,Don't know,No
31,Male,No,No,Yes,Never,26-100,No,Yes,Yes,Yes,No,Don't know,Yes,Very easy,Maybe,No,No,No,No,No,Don't know,No
29,Male,No,Yes,Yes,Sometimes,26-100,No,Yes,Don't know,Not sure,Don't know,Don't know,Don't know,Don't know,Maybe,No,Some of them,Some of them,No,No,Yes,No
30,Male,No,No,No,Never,26-100,Yes,Yes,Yes,Yes,Don't know,Don't know,Yes,Very easy,No,No,Some of them,Yes,Maybe,Maybe,Yes,No
37,Male,No,No,No,Never,500-1000,Yes,Yes,Yes,No,Yes,Don't know,Don't know,Don't know,Maybe,No,Some of them,Yes,No,No,Yes,Yes
36,Male,Yes,No,No,Never,1-5,No,Yes,Yes,No,No,Don't know,Don't know,Somewhat difficult,No,No,Some of them,Yes,Yes,Yes,Yes,No
35,Male,No,Yes,Yes,Sometimes,26-100,Yes,Yes,Yes,Yes,No,Don't know,Don't know,Don't know,Maybe,Maybe,Some of them,No,No,Maybe,No,No
41,Male,No,Yes,No,Never,500-1000,Yes,No,Don't know,No,No,No,Don't know,Don't know,Maybe,No,No,No,No,No,Don't know,No
31,Male,No,No,Yes,Rarely,6-25,No,Yes,Don't know,Not sure,No,No,Don't know,Don't know,No,No,Some of them,Yes,No,No,Don't know,No
38,Male,No,Yes,No,Sometimes,500-1000,No,No,Yes,Yes,Yes,Yes,Don't know,Somewhat easy,No,No,Some of them,Yes,No,Maybe,No,No
26,Male,Yes,No,No,Sometimes,100-500,No,Yes,No,No,No,No,Yes,Very easy,No,No,Some of them,Yes,No,No,Yes,No
39,Male,No,Yes,No,Sometimes,More than 1000,No,Yes,Yes,No,Yes,Yes,Don't know,Don't know,Maybe,Maybe,Some of them,Yes,Maybe,Maybe,Don't know,Yes
42,Male,Yes,Yes,No,Sometimes,6-25,Yes,No,Yes,Not sure,Don't know,Yes,Don't know,Don't know,Maybe,Maybe,Some of them,No,No,Maybe,Don't know,No
32,Male,Yes,Yes,Yes,Rarely,1-5,Yes,Yes,No,Yes,No,No,Don't know,Very difficult,Yes,No,Some of them,No,No,Maybe,Don't know,No
29,Male,No,Yes,No,Sometimes,100-500,No,Yes,Don't know,Not sure,Don't know,Don't know,Don't know,Don't know,No,No,Some of them,Yes,No,No,Don't know,No
30,Male,No,Yes,No,Never,100-500,No,Yes,Yes,No,Don't know,Yes,Don't know,Very difficult,Yes,Yes,Some of them,No,Maybe,Maybe,No,No
40,Male,No,Yes,Yes,Often,500-1000,Yes,Yes,Don't know,Not sure,No,Don't know,Don't know,Don't know,Maybe,Maybe,Some of them,Some of them,No,Yes,Don't know,No
51,Male,No,No,No,Sometimes,100-500,No,No,Don't know,Not sure,No,Don't know,Don't know,Somewhat difficult,No,No,Some of them,Yes,No,No,Don't know,No
33,Male,No,No,No,Never,More than 1000,No,Yes,Yes,Yes,Yes,Yes,Yes,Somewhat easy,No,No,Some of them,Yes,No,No,Yes,No
34,Male,Yes,No,Yes,Sometimes,1-5,Yes,Yes,No,Not sure,No,No,Yes,Somewhat difficult,Maybe,Maybe,Some of them,Some of them,No,No,Don't know,No
50,Male,Yes,No,No,Never,1-5,Yes,Yes,No,Yes,No,No,Yes,Somewhat easy,No,No,Some of them,Yes,No,Maybe,Yes,No
24,Male,No,No,No,Sometimes,26-100,Yes,Yes,Don't know,No,No,Don't know,Don't know,Somewhat easy,No,No,Some of them,Yes,No,Maybe,No,No
25,Male,No,Yes,Yes,Rarely,26-100,No,No,No,No,No,No,Don't know,Don't know,Yes,Maybe,No,No,No,Maybe,No,No
43,Male,No,Yes,Yes,Rarely,26-100,No,Yes,No,No,No,No,Don't know,Very difficult,Yes,Yes,Some of them,No,No,No,No,Yes
25,Female,Yes,No,Yes,Often,1-5,No,Yes,Yes,Yes,Yes,Yes,Yes,Very easy,Maybe,Maybe,Some of them,Some of them,No,No,Yes,Yes
24,Male,Yes,No,No,Sometimes,1-5,Yes,Yes,No,Yes,No,No,Yes,Very easy,No,No,No,No,No,Maybe,Yes,No
51,Male,Yes,No,No,Never,1-5,No,Yes,No,Yes,No,No,Yes,Somewhat difficult,No,No,Some of them,Some of them,Maybe,Maybe,Don't know,No
49,Male,No,Yes,Yes,Sometimes,More than 1000,No,Yes,Yes,Yes,No,Yes,Yes,Somewhat difficult,Yes,Maybe,No,No,No,Maybe,No,Yes
30,Male,No,No,No,Sometimes,More than 1000,Yes,Yes,Yes,No,Yes,Yes,Don't know,Don't know,Yes,Maybe,No,No,No,No,Don't know,No
25,Female,No,Yes,Yes,Sometimes,More than 1000,No,Yes,Yes,Yes,Yes,No,Don't know,Don't know,Yes,Yes,No,No,No,No,No,No
36,Male,No,No,Yes,Rarely,500-1000,Yes,Yes,Yes,Yes,Don't know,Don't know,Don't know,Don't know,Maybe,No,No,No,No,Maybe,Don't know,No
48,Male,No,No,Yes,Never,More than 1000,No,Yes,Yes,Yes,Yes,Yes,Yes,Don't know,Maybe,Maybe,Yes,Yes,No,Maybe,Yes,Yes
48,Male,No,No,Yes,Sometimes,6-25,No,Yes,No,No,No,No,Don't know,Somewhat easy,Yes,No,Some of them,No,No,Maybe,No,Yes
53,Male,No,No,Yes,Rarely,6-25,Yes,Yes,Yes,Yes,No,Yes,Don't know,Don't know,Maybe,Maybe,Some of them,No,No,No,Don't know,No
24,Female,No,Yes,Yes,Often,6-25,Yes,Yes,No,No,No,No,Don't know,Very easy,No,No,Yes,Yes,No,No,Don't know,No
33,Male,No,Yes,Yes,Sometimes,26-100,No,Yes,Don't know,Yes,No,Yes,Don't know,Somewhat easy,No,No,Yes,Yes,No,No,Don't know,No
25,Female,No,Yes,Yes,Sometimes,6-25,No,Yes,Yes,Yes,No,No,Yes,Somewhat easy,No,No,Some of them,Yes,No,No,Don't know,No
30,Male,No,No,Yes,Sometimes,26-100,No,Yes,No,No,No,No,Don't know,Somewhat difficult,Yes,Maybe,Some of them,No,No,Maybe,No,No
30,Male,Yes,No,No,Never,1-5,Yes,Yes,No,Yes,No,No,Yes,Somewhat easy,Maybe,Maybe,Some of them,Some of them,Maybe,Maybe,Don't know,No
34,Male,Yes,No,Yes,Sometimes,1-5,Yes,Yes,No,No,No,No,Yes,Somewhat difficult,No,No,Some of them,Some of them,No,No,Yes,No
31,Male,No,No,No,Sometimes,More than 1000,Yes,Yes,Yes,Yes,Yes,Yes,Yes,Very easy,No,No,Some of them,Yes,Maybe,Yes,Yes,No
22,Female,No,Yes,Yes,Often,More than 1000,No,Yes,Don't know,Not sure,No,Don't know,Don't know,Don't know,Yes,Yes,No,No,No,No,Don't know,No
28,Male,No,Yes,No,Sometimes,6-25,No,Yes,Don't know,Not sure,No,Don't know,Don't know,Somewhat easy,No,No,Some of them,Yes,No,Yes,Don't know,No
35,Male,No,Yes,Yes,Rarely,26-100,No,No,Yes,Yes,No,Yes,Yes,Somewhat difficult,Maybe,No,Some of them,Some of them,No,No,No,No
28,Male,No,Yes,Yes,Sometimes,26-100,No,No,Yes,No,No,No,Don't know,Don't know,Maybe,Maybe,Some of them,Some of them,No,No,Yes,No
42,Male,No,No,Yes,Sometimes,More than 1000,No,No,No,Yes,Don't know,No,Yes,Somewhat difficult,Yes,Maybe,Some of them,Some of them,No,Yes,No,Yes
33,Male,No,Yes,No,Sometimes,500-1000,No,Yes,Yes,No,Don't know,Don't know,Don't know,Very easy,No,No,Yes,Yes,Yes,Yes,Yes,No
29,Male,No,No,No,Sometimes,More than 1000,No,Yes,Yes,No,Yes,No,Don't know,Don't know,Yes,Maybe,No,No,No,No,Don't know,No
43,Male,No,Yes,No,Sometimes,500-1000,No,No,Yes,Not sure,No,Don't know,Don't know,Don't know,Maybe,No,No,Some of them,No,Maybe,No,No
29,Male,No,No,No,Sometimes,26-100,No,Yes,Yes,Yes,Yes,Yes,Don't know,Somewhat easy,No,No,Some of them,Some of them,Maybe,Maybe,Yes,No
25,Male,No,No,No,Sometimes,100-500,Yes,Yes,Yes,No,No,No,Yes,Don't know,No,No,Yes,Yes,Maybe,Maybe,Don't know,No
31,Male,No,Yes,No,Never,100-500,No,Yes,Don't know,No,Don't know,Don't know,Don't know,Very easy,No,No,Some of them,Yes,No,No,Don't know,No
35,Female,No,Yes,Yes,Sometimes,6-25,No,No,Yes,Not sure,Yes,Yes,Yes,Somewhat difficult,Maybe,Maybe,Some of them,Yes,No,Maybe,Yes,No
34,Male,No,No,No,Often,1-5,No,Yes,Don't know,No,No,Yes,Don't know,Very easy,No,No,Some of them,Yes,No,Maybe,Yes,No
43,Male,No,No,Yes,Sometimes,100-500,Yes,Yes,Yes,Yes,No,Yes,Yes,Very difficult,Yes,Maybe,Some of them,No,No,Maybe,No,Yes
38,Male,No,Yes,Yes,Sometimes,100-500,No,Yes,No,Not sure,No,No,Don't know,Very difficult,Yes,Yes,No,Some of them,No,Maybe,No,No
26,Male,No,Yes,Yes,Sometimes,More than 1000,No,Yes,Don't know,Not sure,No,Yes,Yes,Very difficult,Maybe,No,Some of them,Some of them,Yes,Yes,No,Yes
38,Male,Yes,Yes,Yes,Rarely,1-5,Yes,No,No,No,No,No,Yes,Very difficult,Maybe,No,No,No,No,No,No,No
42,Male,No,No,Yes,Often,6-25,No,Yes,Don't know,No,No,Don't know,Don't know,Don't know,Yes,Maybe,No,No,No,Maybe,Don't know,No
33,Male,No,Yes,Yes,Sometimes,6-25,No,Yes,Don't know,No,No,Don't know,Don't know,Don't know,No,No,Yes,Yes,Maybe,Maybe,Yes,Yes
32,Male,No,No,Yes,Rarely,More than 1000,No,Yes,Yes,Yes,Yes,Yes,Yes,Somewhat easy,Maybe,No,Some of them,Some of them,No,No,Don't know,No
44,Male,No,Yes,Yes,Sometimes,6-25,Yes,Yes,Yes,Yes,Yes,Yes,Yes,Somewhat difficult,Maybe,Maybe,Some of them,Yes,No,Maybe,No,No
28,Male,No,Yes,Yes,Rarely,More than 1000,No,Yes,Yes,Yes,Don't know,Don't know,Don't know,Don't know,Maybe,No,Some of them,No,No,No,No,No
40,Male,No,Yes,Yes,Sometimes,More than 1000,Yes,Yes,Yes,Yes,Yes,Yes,Yes,Very difficult,Yes,No,Some of them,Some of them,No,Maybe,Don't know,Yes
31,Female,No,Yes,Yes,Sometimes,500-1000,No,Yes,Yes,Yes,No,Don't know,Yes,Somewhat easy,Maybe,No,Some of them,Yes,No,No,Yes,No
32,Male,No,Yes,No,Sometimes,100-500,No,Yes,Yes,Yes,Yes,Yes,Don't know,Don't know,Yes,No,Some of them,No,No,No,Don't know,No
28,Male,No,Yes,Yes,Sometimes,More than 1000,No,Yes,Don't know,No,Don't know,Don't know,Don't know,Somewhat easy,Maybe,No,Some of them,No,No,Maybe,No,No
39,Male,No,Yes,Yes,Often,26-100,No,Yes,Yes,Yes,No,No,Yes,Don't know,Yes,No,Some of them,No,No,No,No,No
45,Male,No,No,No,Sometimes,More than 1000,No,No,Yes,Yes,Yes,Yes,Don't know,Don't know,No,No,Some of them,Some of them,No,No,Yes,No
43,Male,No,No,Yes,Rarely,More than 1000,No,Yes,Yes,Yes,Yes,Yes,Don't know,Somewhat easy,No,No,Yes,Yes,Maybe,Yes,Yes,No
35,Male,No,No,Yes,Sometimes,More than 1000,No,Yes,Yes,Yes,Don't know,Yes,Don't know,Very difficult,Maybe,Maybe,Some of them,Some of them,No,No,Don't know,No
40,Male,No,Yes,Yes,Sometimes,6-25,No,Yes,Yes,Yes,Don't know,Don't know,Yes,Very easy,Maybe,No,Some of them,Some of them,No,No,Don't know,No
34,Male,No,No,Yes,Rarely,26-100,No,Yes,No,Yes,No,No,Yes,Very easy,No,No,Yes,Yes,Maybe,Maybe,Yes,No
24,Male,No,Yes,Yes,Often,26-100,No,No,Don't know,Yes,No,No,No,Somewhat easy,Yes,Maybe,Some of them,Yes,No,Maybe,No,Yes
61,Male,Yes,No,Yes,Sometimes,1-5,Yes,Yes,No,No,No,No,Don't know,Very difficult,Yes,Maybe,Some of them,Yes,No,Maybe,No,Yes
36,Other,No,Yes,Yes,Rarely,6-25,No,Yes,Don't know,No,No,Don't know,Don't know,Don't know,Yes,Maybe,Some of them,No,No,No,Don't know,No
38,Male,No,No,No,Sometimes,6-25,No,Yes,No,No,No,No,Yes,Don't know,Maybe,No,Some of them,Yes,Maybe,Maybe,Don't know,No
33,Male,No,Yes,Yes,Often,26-100,No,Yes,Don't know,Not sure,Yes,No,Yes,Somewhat easy,No,No,Some of them,Yes,Yes,Yes,Yes,No
30,Male,No,Yes,No,Never,More than 1000,No,No,Don't know,No,No,Don't know,Don't know,Don't know,Yes,Maybe,No,No,No,No,No,No
34,Male,Yes,Yes,Yes,Rarely,1-5,Yes,Yes,Yes,Yes,Yes,Yes,Yes,Very easy,No,No,Yes,Some of them,No,Maybe,Yes,No
26,Male,No,No,Yes,Rarely,More than 1000,No,Yes,Yes,Not sure,Don't know,Don't know,Don't know,Don't know,No,No,Some of them,Some of them,No,Maybe,No,No
33,Male,No,No,No,Sometimes,More than 1000,No,Yes,Don't know,Not sure,Don't know,Don't know,Don't know,Don't know,No,No,Some of them,Yes,Maybe,Maybe,Don't know,No
32,Male,No,No,No,Sometimes,6-25,No,Yes,Don't know,No,No,No,Don't know,Very easy,No,No,No,Yes,No,Maybe,No,No
25,Male,Yes,No,No,Sometimes,6-25,Yes,Yes,No,Yes,No,No,Yes,Somewhat easy,No,No,Some of them,Yes,Yes,Yes,Yes,No
35,Male,Yes,No,Yes,Sometimes,26-100,Yes,No,Don't know,No,No,No,Don't know,Somewhat difficult,Yes,Maybe,Yes,No,No,Maybe,Don't know,No
24,Male,Yes,Yes,No,Often,1-5,Yes,Yes,Don't know,Not sure,No,No,Don't know,Don't know,Maybe,No,Some of them,Some of them,No,Maybe,Don't know,No
55,Male,No,No,Yes,Often,More than 1000,No,No,Yes,Yes,Yes,Yes,Don't know,Somewhat easy,Yes,Maybe,No,Some of them,No,Maybe,No,Yes
33,Male,Yes,Yes,Yes,Sometimes,1-5,Yes,Yes,No,Yes,No,No,No,Very difficult,Yes,Maybe,Some of them,Some of them,No,Maybe,No,Yes
26,Female,Yes,Yes,Yes,Sometimes,1-5,Yes,Yes,No,No,No,No,Don't know,Very easy,Maybe,No,Some of them,Yes,No,Maybe,Yes,No
25,Male,No,No,No,Never,6-25,Yes,Yes,Don't know,Not sure,Don't know,Don't know,Don't know,Very easy,No,No,Yes,Yes,No,No,Don't know,No
45,Male,No,Yes,No,Rarely,100-500,No,No,Don't know,No,No,No,Don't know,Don't know,Maybe,No,Some of them,No,No,Maybe,Don't know,No
33,Female,Yes,No,Yes,Sometimes,1-5,Yes,Yes,No,Yes,Yes,Yes,Yes,Very easy,No,No,Some of them,Yes,No,No,Don't know,No
43,Male,No,No,No,Sometimes,More than 1000,Yes,Yes,No,Not sure,No,No,Don't know,Very difficult,Yes,Maybe,No,No,No,Maybe,No,Yes
30,Male,Yes,No,Yes,Sometimes,6-25,No,Yes,No,Yes,No,No,No,Very difficult,Yes,Yes,No,No,No,No,Yes,Yes
40,Male,No,Yes,Yes,Rarely,6-25,No,Yes,Don't know,Not sure,No,Don't know,Don't know,Don't know,No,No,Yes,Yes,No,Maybe,Don't know,No
49,Male,No,Yes,No,Never,More than 1000,No,Yes,Yes,Yes,Yes,Yes,Yes,Don't know,No,No,Yes,Yes,No,No,Yes,No
29,Male,No,No,No,Sometimes,6-25,No,Yes,Don't know,Not sure,No,No,Don't know,Somewhat easy,No,No,Some of them,Yes,Maybe,Yes,Don't know,No
26,Male,No,No,No,Sometimes,500-1000,No,Yes,Don't know,No,Don't know,Don't know,Don't know,Don't know,No,No,Some of them,Some of them,Maybe,Maybe,Don't know,No
38,Male,No,No,No,Never,More than 1000,No,Yes,Yes,Yes,Yes,Yes,Yes,Somewhat easy,Maybe,Maybe,Some of them,Some of them,No,Maybe,No,Yes
27,Male,No,Yes,No,Sometimes,500-1000,No,No,Yes,Yes,Don't know,No,Yes,Somewhat easy,Maybe,Maybe,No,Some of them,No,Maybe,Don't know,Yes
26,Male,No,No,No,Never,6-25,No,Yes,Yes,No,No,No,No,Somewhat easy,Maybe,No,No,No,No,No,Don't know,No
28,Male,No,Yes,Yes,Often,26-100,No,Yes,No,No,No,No,Don't know,Somewhat easy,Maybe,Maybe,Yes,Yes,No,No,No,No
40,Male,No,Yes,Yes,Sometimes,1-5,Yes,Yes,No,No,No,No,Don't know,Don't know,Maybe,Maybe,Some of them,Yes,No,Maybe,No,No
37,Female,Yes,Yes,Yes,Rarely,1-5,Yes,Yes,No,Yes,No,No,Yes,Somewhat easy,Yes,Maybe,Some of them,Some of them,Maybe,Maybe,Don't know,Yes
34,Female,No,Yes,Yes,Often,26-100,Yes,No,Yes,Yes,No,Yes,No,Somewhat easy,Yes,Yes,Some of them,No,No,No,Don't know,No
28,Male,No,Yes,Yes,Often,100-500,No,Yes,Don't know,Not sure,No,Don't know,Don't know,Don't know,Maybe,No,Some of them,Some of them,No,Yes,Don't know,No
27,Male,No,No,No,Never,26-100,No,Yes,Yes,Not sure,Yes,No,Yes,Very easy,No,No,Yes,Yes,Maybe,Maybe,Yes,No
29,Male,No,No,Yes,Sometimes,6-25,Yes,Yes,No,No,No,No,Don't know,Very easy,No,No,Yes,Yes,No,Yes,Yes,No
39,Female,No,Yes,No,Rarely,500-1000,Yes,Yes,Don't know,Not sure,No,No,Don't know,Somewhat difficult,Yes,Yes,No,No,No,No,No,Yes
28,Male,No,No,No,Often,6-25,No,Yes,No,No,No,No,No,Somewhat difficult,Yes,No,No,No,No,Yes,Yes,No
23,Male,No,Yes,No,Sometimes,26-100,No,Yes,Yes,Not sure,Yes,Yes,Yes,Somewhat easy,No,No,No,No,No,Maybe,Don't know,No
38,Male,No,No,No,Sometimes,1-5,Yes,Yes,No,No,No,No,Yes,Somewhat easy,No,No,Some of them,Yes,No,No,Don't know,No
19,Male,No,No,No,Sometimes,6-25,No,Yes,Yes,No,No,Yes,Don't know,Very easy,No,No,Yes,Yes,No,No,Yes,No
30,Female,No,Yes,Yes,Sometimes,26-100,No,Yes,Yes,Yes,Yes,Don't know,Yes,Very easy,No,No,Some of them,No,No,No,Yes,No
28,Male,Yes,No,No,Sometimes,1-5,Yes,Yes,No,Yes,No,No,Yes,Very easy,Maybe,Maybe,No,No,No,No,Yes,No
20,Male,No,No,Yes,Sometimes,26-100,No,Yes,Don't know,No,No,No,Don't know,Don't know,Yes,No,No,No,No,Maybe,Yes,No
35,Male,Yes,No,No,Sometimes,1-5,No,Yes,Don't know,Not sure,No,Don't know,Don't know,Somewhat easy,No,No,Some of them,Yes,No,No,Don't know,No
39,Male,No,No,Yes,Rarely,100-500,Yes,Yes,Yes,Yes,No,No,Yes,Very easy,Maybe,No,Some of them,Yes,No,No,Don't know,No
31,Female,No,Yes,No,Never,More than 1000,No,No,Yes,Not sure,No,Don't know,Don't know,Don't know,Yes,Yes,No,No,No,No,Don't know,No
32,Male,No,No,No,Rarely,500-1000,No,Yes,No,No,No,No,Don't know,Don't know,Yes,No,No,No,No,No,Don't know,No
27,Male,No,No,No,Sometimes,6-25,No,Yes,No,No,No,No,Don't know,Don't know,No,No,No,No,No,No,Don't know,No
25,Male,No,Yes,Yes,Often,6-25,Yes,Yes,Yes,Yes,No,Don't know,Yes,Somewhat easy,No,No,Yes,Yes,Maybe,Maybe,Don't know,No
42,Male,No,Yes,Yes,Sometimes,6-25,Yes,Yes,Don't know,No,No,Don't know,Don't know,Don't know,Maybe,No,Some of them,Yes,No,Maybe,Don't know,No
34,Male,No,Yes,Yes,Often,100-500,No,Yes,Yes,Yes,No,No,Yes,Very easy,No,No,Yes,Yes,Maybe,Maybe,Don't know,No
26,Female,No,No,Yes,Sometimes,26-100,Yes,Yes,Don't know,No,No,Don't know,Don't know,Don't know,Maybe,No,Some of them,No,Maybe,Maybe,Don't know,Yes
35,Male,No,Yes,Yes,Sometimes,1-5,No,Yes,No,Yes,No,No,Yes,Very easy,Yes,Yes,Some of them,Some of them,No,Maybe,Yes,Yes
34,Male,No,No,No,Never,500-1000,No,Yes,Don't know,No,No,Don't know,Don't know,Very easy,Maybe,No,Yes,Yes,No,No,Yes,No
38,Male,No,Yes,Yes,Sometimes,100-500,Yes,No,Yes,Yes,No,Yes,Yes,Very easy,No,No,Yes,Yes,Yes,Yes,Don't know,No
34,Male,No,No,No,Sometimes,100-500,No,Yes,Don't know,No,No,No,Don't know,Don't know,Yes,No,Some of them,No,No,Maybe,Don't know,No
39,Male,No,Yes,Yes,Sometimes,6-25,Yes,Yes,No,Yes,No,No,Yes,Somewhat easy,No,No,Some of them,Yes,Maybe,Yes,Yes,No
44,Female,No,No,No,Sometimes,100-500,No,Yes,Don't know,Not sure,No,No,Don't know,Don't know,Yes,No,No,No,No,No,Don't know,No
40,Male,No,No,No,Sometimes,More than 1000,No,No,Yes,Yes,Yes,Yes,Yes,Don't know,Maybe,No,No,Yes,No,No,Don't know,No
33,Female,Yes,No,No,Never,1-5,Yes,Yes,No,Yes,Don't know,Don't know,Yes,Somewhat easy,Maybe,No,No,Some of them,No,No,Yes,No
24,Female,No,Yes,No,Sometimes,More than 1000,No,No,Yes,Yes,No,Don't know,Don't know,Somewhat difficult,Yes,Maybe,Some of them,Some of them,No,No,No,Yes
38,Female,No,Yes,No,Sometimes,26-100,Yes,Yes,Don't know,Not sure,Don't know,Don't know,Don't know,Don't know,No,No,Some of them,Yes,No,No,Don't know,No
31,Male,No,No,No,Sometimes,More than 1000,No,Yes,Yes,Not sure,Yes,Yes,Yes,Don't know,Yes,Maybe,Some of them,Some of them,No,Maybe,Yes,No
23,Male,No,No,No,Sometimes,100-500,No,Yes,Don't know,Not sure,No,No,Yes,Very easy,Maybe,No,Some of them,Yes,Maybe,Yes,Don't know,No
26,Female,No,No,No,Sometimes,6-25,No,Yes,Don't know,Not sure,No,No,Don't know,Somewhat easy,No,No,Yes,Yes,No,Maybe,Yes,No
46,Female,No,No,Yes,Often,More than 1000,No,No,Yes,Yes,Yes,Yes,Don't know,Don't know,Yes,No,Some of them,Some of them,No,No,No,Yes
30,Male,No,Yes,Yes,Sometimes,26-100,Yes,Yes,Yes,No,No,No,Don't know,Don't know,Maybe,No,Some of them,No,No,Maybe,Don't know,No
25,Male,No,No,No,Rarely,26-100,Yes,Yes,Don't know,No,No,No,Don't know,Somewhat easy,Yes,No,Some of them,Some of them,No,Yes,Don't know,Yes
19,Male,No,No,No,Never,26-100,Yes,Yes,Don't know,No,No,No,Don't know,Somewhat easy,No,No,Some of them,Some of them,No,Maybe,No,No
30,Female,No,Yes,Yes,Sometimes,500-1000,No,No,Yes,Yes,Yes,Yes,Yes,Somewhat easy,Maybe,Maybe,Some of them,Some of them,No,No,No,Yes
32,Male,No,No,No,Never,6-25,No,Yes,Yes,Yes,Yes,Yes,Don't know,Somewhat easy,No,No,Yes,Yes,No,Maybe,Yes,No
32,Male,No,No,No,Sometimes,6-25,No,Yes,No,No,No,No,Don't know,Don't know,Maybe,Maybe,No,No,No,Maybe,Don't know,No
37,Male,No,Yes,No,Sometimes,26-100,Yes,Yes,Don't know,No,No,No,Don't know,Somewhat easy,Maybe,No,Some of them,Some of them,No,Maybe,No,No
42,Male,No,Yes,Yes,Sometimes,6-25,Yes,Yes,Don't know,No,No,Don't know,Don't know,Don't know,Maybe,Maybe,Some of them,Some of them,No,No,Don't know,No
25,Female,No,No,No,Never,More than 1000,No,Yes,Yes,Yes,Yes,Yes,Don't know,Don't know,Maybe,No,Some of them,Yes,Maybe,No,Yes,No
19,Male,No,No,No,Sometimes,1-5,No,Yes,Don't know,Not sure,No,No,Don't know,Don't know,No,No,Some of them,Yes,Maybe,Maybe,Don't know,No
40,Female,No,Yes,No,Never,100-500,Yes,Yes,Yes,Yes,Yes,No,Don't know,Don't know,Yes,Yes,No,No,No,No,Don't know,No
34,Male,No,No,No,Sometimes,More than 1000,No,No,Yes,Not sure,Yes,Don't know,Don't know,Don't know,Maybe,Maybe,Some of them,Yes,No,No,Don't know,No
26,Male,No,Yes,No,Sometimes,6-25,No,Yes,Don't know,Not sure,No,No,Don't know,Don't know,No,No,Some of them,Yes,No,No,Yes,No
31,Male,No,Yes,Yes,Rarely,6-25,No,Yes,Don't know,Not sure,Don't know,Don't know,Yes,Don't know,No,No,Yes,Yes,Maybe,Maybe,Yes,No
40,Male,No,Yes,No,Sometimes,More than 1000,Yes,No,Yes,Not sure,Yes,Don't know,Don't know,Don't know,Yes,Maybe,Some of them,Some of them,No,Maybe,No,No
31,Female,No,Yes,Yes,Often,26-100,No,Yes,No,No,No,No,No,Very difficult,Yes,No,No,No,No,Yes,No,Yes
36,Male,No,No,No,Never,100-500,No,No,Don't know,No,No,Don't know,Don't know,Don't know,Yes,Maybe,No,No,No,Maybe,Don't know,Yes
35,Male,No,Yes,No,Sometimes,6-25,Yes,Yes,No,Yes,No,No,Don't know,Don't know,Maybe,No,No,Some of them,No,No,Don't know,No
26,Male,No,Yes,Yes,Sometimes,26-100,Yes,Yes,No,No,No,No,Yes,Don't know,No,No,Yes,Yes,No,Maybe,Yes,No
44,Male,No,No,No,Sometimes,More than 1000,Yes,No,Don't know,No,Don't know,Don't know,Yes,Don't know,Yes,No,Some of them,No,No,No,No,No
34,Female,No,No,No,Sometimes,1-5,No,Yes,No,Not sure,No,No,Don't know,Very easy,No,No,Some of them,Yes,No,Maybe,Yes,No
35,Male,No,No,No,Sometimes,6-25,Yes,Yes,No,No,No,No,Don't know,Don't know,No,No,No,No,No,No,Don't know,No
28,Female,No,Yes,Yes,Sometimes,26-100,Yes,Yes,Don't know,No,No,No,Don't know,Somewhat easy,Yes,No,Some of them,Some of them,No,Maybe,No,No
33,Male,No,No,No,Sometimes,6-25,Yes,Yes,Yes,No,Don't know,Yes,Yes,Don't know,No,No,Some of them,Yes,No,No,Yes,No
40,Male,No,Yes,Yes,Sometimes,More than 1000,Yes,Yes,Yes,Yes,No,Yes,Don't know,Don't know,Yes,No,No,No,No,Maybe,Don't know,No
26,Male,No,No,Yes,Sometimes,6-25,No,Yes,Yes,Yes,No,No,Yes,Don't know,Maybe,No,Some of them,No,No,Maybe,Don't know,No
29,Female,No,No,Yes,Often,More than 1000,No,No,Yes,Yes,No,No,Don't know,Don't know,Maybe,No,Some of them,No,No,Yes,No,Yes
26,Female,No,Yes,Yes,Sometimes,100-500,No,Yes,Yes,Not sure,No,No,Yes,Don't know,Maybe,No,Some of them,No,No,Maybe,Don't know,No
33,Male,No,Yes,Yes,Sometimes,6-25,No,Yes,No,Not sure,No,No,Don't know,Somewhat easy,No,No,Some of them,Yes,No,No,Don't know,No
28,Male,No,Yes,No,Sometimes,100-500,No,Yes,No,No,No,No,Don't know,Somewhat easy,No,No,Some of them,Some of them,No,No,Don't know,Yes
41,Male,Yes,No,Yes,Often,1-5,Yes,No,No,Yes,Yes,Yes,Yes,Very difficult,No,No,Some of them,Some of them,No,No,Yes,Yes
39,Male,Yes,Yes,Yes,Sometimes,1-5,Yes,Yes,No,Yes,Yes,Yes,Yes,Somewhat difficult,No,No,Yes,Yes,No,Maybe,Yes,Yes
26,Female,No,Yes,Yes,Sometimes,More than 1000,No,Yes,Yes,Yes,No,No,Don't know,Don't know,No,No,Some of them,Yes,No,Maybe,No,Yes
23,Female,No,Yes,No,Sometimes,26-100,No,No,No,No,No,No,Don't know,Somewhat difficult,Yes,No,No,Some of them,No,Maybe,No,No
35,Male,No,Yes,Yes,Often,More than 1000,No,Yes,Don't know,Not sure,No,No,Yes,Very easy,No,No,Some of them,Some of them,No,Maybe,No,No
36,Male,No,No,No,Never,1-5,Yes,Yes,Don't know,Not sure,Don't know,Don't know,Don't know,Very easy,No,No,Some of them,Some of them,No,No,Don't know,No
42,Male,No,No,No,Rarely,More than 1000,No,No,Don't know,No,No,Don't know,Don't know,Don't know,Maybe,No,Some of them,No,No,Maybe,No,No
39,Male,No,Yes,Yes,Sometimes,500-1000,No,Yes,Yes,Yes,No,Don't know,Yes,Very easy,No,No,Some of them,Yes,No,No,Yes,No
27,Male,No,No,No,Never,6-25,No,Yes,Don't know,No,No,Don't know,Don't know,Don't know,Maybe,No,Some of them,Yes,Maybe,Maybe,Don't know,No
33,Male,Yes,No,No,Never,6-25,Yes,Yes,Don't know,No,No,No,No,Very easy,Maybe,No,Some of them,Yes,No,Maybe,Yes,No
31,Male,No,Yes,Yes,Often,More than 1000,No,Yes,Yes,Not sure,Don't know,Don't know,Don't know,Don't know,Maybe,No,Some of them,No,No,Maybe,Don't know,No
28,Female,No,No,Yes,Rarely,6-25,No,Yes,Yes,Yes,Don't know,Yes,Yes,Very easy,No,No,Some of them,Some of them,No,Yes,Don't know,No
29,Female,No,No,Yes,Often,More than 1000,Yes,No,Yes,No,No,No,Don't know,Somewhat easy,No,No,Some of them,Yes,Maybe,Maybe,Don't know,No
27,Male,No,No,Yes,Sometimes,100-500,No,Yes,Don't know,Not sure,No,No,Yes,Very difficult,Maybe,No,Some of them,No,No,Maybe,No,No
44,Male,Yes,No,No,Never,1-5,Yes,Yes,Don't know,No,No,No,Yes,Somewhat difficult,No,No,No,No,No,No,Don't know,No
25,Male,No,No,Yes,Often,6-25,Yes,Yes,Don't know,No,No,No,Don't know,Somewhat easy,Maybe,No,Some of them,No,No,Maybe,Don't know,No
24,Male,No,Yes,Yes,Sometimes,6-25,No,Yes,No,No,No,No,Don't know,Somewhat easy,Maybe,No,Yes,Yes,No,No,Don't know,No
25,Male,No,Yes,Yes,Often,6-25,No,No,Don't know,No,No,No,Yes,Don't know,No,No,Some of them,Yes,No,Maybe,No,Yes
34,Male,No,No,No,Never,6-25,Yes,Yes,Yes,Not sure,Don't know,Don't know,Don't know,Somewhat easy,Maybe,Maybe,No,Some of them,No,Maybe,Don't know,No
26,Male,No,No,No,Never,More than 1000,No,No,Yes,Yes,No,Don't know,Don't know,Somewhat difficult,Maybe,No,No,Yes,No,No,Don't know,No
48,Male,No,No,No,Never,26-100,No,No,Yes,Yes,Yes,Yes,Yes,Don't know,Maybe,No,Some of them,Yes,No,Maybe,Don't know,No
34,Male,No,No,No,Sometimes,26-100,Yes,Yes,No,No,No,No,Don't know,Very difficult,Yes,Maybe,Some of them,No,No,Maybe,No,No
39,Female,No,No,Yes,Sometimes,6-25,Yes,Yes,No,No,No,No,Don't know,Don't know,Maybe,Maybe,Some of them,Some of them,No,Maybe,No,No
43,Male,No,No,No,Sometimes,More than 1000,Yes,Yes,Yes,Not sure,No,Yes,Don't know,Don't know,Maybe,No,No,No,No,No,Don't know,No
41,Male,No,No,No,Rarely,More than 1000,No,Yes,Yes,Yes,Yes,Yes,Don't know,Don't know,Maybe,Maybe,Some of them,No,No,No,Yes,Yes
25,Male,No,No,No,Never,More than 1000,No,No,Don't know,No,No,No,Don't know,Don't know,No,No,Some of them,Yes,No,No,Don't know,No
31,Male,No,No,Yes,Sometimes,100-500,No,Yes,Yes,Yes,No,No,Don't know,Somewhat easy,Maybe,No,Some of them,No,No,Maybe,No,No
40,Male,No,Yes,Yes,Sometimes,More than 1000,No,Yes,Yes,Yes,Yes,Yes,Yes,Don't know,Yes,Yes,No,No,No,Maybe,No,Yes
43,Male,Yes,Yes,Yes,Sometimes,1-5,Yes,Yes,Yes,Not sure,No,Don't know,Don't know,Don't know,Maybe,Maybe,Some of them,Some of them,No,Maybe,Don't know,No
27,Female,No,Yes,Yes,Often,More than 1000,No,Yes,Yes,Yes,Yes,Yes,Yes,Very difficult,Maybe,No,Yes,Some of them,No,Maybe,No,Yes
37,Female,No,Yes,Yes,Sometimes,26-100,Yes,Yes,Yes,Yes,No,Don't know,Don't know,Don't know,Yes,Maybe,No,No,No,Maybe,Don't know,No
32,Male,Yes,No,Yes,Sometimes,1-5,No,Yes,No,No,No,No,Yes,Very difficult,Maybe,No,Some of them,Yes,No,Maybe,No,No
25,Male,No,Yes,Yes,Often,1-5,No,Yes,No,Yes,No,No,Yes,Very easy,Maybe,No,Yes,Yes,No,Maybe,No,No
29,Male,No,Yes,Yes,Often,1-5,No,Yes,Don't know,Not sure,Don't know,Yes,Don't know,Very difficult,No,Maybe,Yes,Yes,Maybe,No,Yes,No
30,Female,No,Yes,Yes,Often,More than 1000,No,No,Yes,No,No,No,Don't know,Somewhat difficult,Yes,No,No,No,No,Maybe,No,No
34,Female,No,Yes,Yes,Often,26-100,No,No,Don't know,No,Yes,Don't know,Don't know,Somewhat easy,No,No,Some of them,Some of them,No,No,Yes,No
32,Male,No,Yes,Yes,Sometimes,1-5,No,No,Yes,Yes,Yes,Yes,Yes,Somewhat easy,Maybe,Maybe,Some of them,Some of them,No,Maybe,No,No
37,Male,No,No,No,Sometimes,6-25,No,Yes,Don't know,No,No,No,Yes,Very easy,No,No,Yes,Yes,Maybe,Maybe,Yes,No
41,Male,No,No,Yes,Sometimes,More than 1000,No,Yes,Don't know,No,No,No,Don't know,Somewhat difficult,No,No,Yes,Yes,No,No,Yes,No
38,Male,No,Yes,No,Never,More than 1000,No,No,Yes,Not sure,Yes,Yes,Don't know,Don't know,Yes,Maybe,Some of them,No,No,No,No,No
32,Male,No,No,Yes,Sometimes,26-100,No,Yes,Yes,Yes,Yes,Don't know,Yes,Don't know,No,No,Some of them,Yes,No,Maybe,Don't know,No
28,Female,No,Yes,Yes,Sometimes,100-500,No,Yes,Yes,Yes,Don't know,Don't know,Don't know,Don't know,Maybe,No,Some of them,Some of them,No,No,Yes,No
43,Male,No,Yes,No,Never,100-500,No,No,Yes,Yes,No,Don't know,Don't know,Somewhat easy,Maybe,No,Some of them,Some of them,No,Maybe,No,No
32,Male,No,Yes,Yes,Often,100-500,No,Yes,No,Yes,No,No,Don't know,Very difficult,Yes,No,Yes,Yes,No,Yes,No,No
25,Male,No,No,Yes,Sometimes,More than 1000,No,Yes,Yes,Yes,Yes,Don't know,Yes,Don't know,Yes,No,No,No,No,No,Yes,No
37,Male,No,No,Yes,Sometimes,100-500,No,Yes,Yes,No,No,Yes,Yes,Very easy,No,No,No,Yes,No,No,Yes,No
36,Male,Yes,No,Yes,Sometimes,1-5,No,No,No,Yes,No,No,No,Very difficult,No,No,No,No,No,No,No,Yes
24,Male,No,Yes,Yes,Rarely,6-25,Yes,Yes,Don't know,No,No,No,Don't know,Very easy,No,No,Yes,Yes,Maybe,Yes,Yes,No
40,Male,No,Yes,Yes,Sometimes,More than 1000,No,Yes,Yes,Not sure,Yes,Don't know,Don't know,Somewhat difficult,Maybe,No,Some of them,Some of them,No,Maybe,Don't know,Yes
29,Male,No,No,No,Sometimes,More than 1000,No,No,Don't know,Not sure,Yes,Don't know,Yes,Somewhat easy,No,No,Some of them,Yes,No,Maybe,Yes,No
43,Male,No,No,No,Never,500-1000,No,Yes,Don't know,No,No,Don't know,Don't know,Don't know,No,No,Yes,Some of them,No,No,Yes,No
29,Male,No,No,No,Sometimes,6-25,Yes,Yes,Yes,Not sure,No,Yes,Don't know,Don't know,Maybe,No,Some of them,Yes,Maybe,Yes,Don't know,No
26,Male,No,Yes,No,Sometimes,100-500,No,Yes,Don't know,Not sure,No,No,Don't know,Don't know,Maybe,No,Some of them,No,No,Maybe,Don't know,No
33,Female,Yes,Yes,Yes,Often,1-5,Yes,Yes,No,Yes,No,No,No,Very difficult,Yes,Yes,No,No,No,Maybe,No,Yes
35,Female,No,Yes,No,Sometimes,6-25,Yes,Yes,Don't know,No,No,No,Don't know,Somewhat easy,No,No,Yes,Some of them,No,No,Yes,No
45,Male,No,No,No,Never,6-25,Yes,Yes,Yes,No,No,No,Don't know,Don't know,Yes,Maybe,Some of them,No,No,Maybe,Don't know,No
25,Male,No,No,Yes,Rarely,6-25,Yes,Yes,No,Yes,No,Don't know,Don't know,Somewhat easy,Maybe,No,No,Some of them,No,Maybe,Don't know,No
50,Male,Yes,No,Yes,Sometimes,26-100,Yes,Yes,No,No,No,No,Don't know,Don't know,Maybe,Maybe,Some of them,Yes,No,No,Don't know,No
26,Male,No,Yes,Yes,Rarely,26-100,No,Yes,No,No,Don't know,Don't know,Don't know,Very easy,No,No,Yes,Yes,Maybe,Yes,Yes,No
33,Female,No,No,Yes,Often,More than 1000,No,Yes,Yes,Yes,Don't know,Don't know,Don't know,Don't know,Yes,No,No,No,No,Maybe,Don't know,No
30,Male,No,No,No,Often,6-25,No,Yes,No,No,No,No,No,Very easy,Maybe,Maybe,Some of them,Some of them,Maybe,Maybe,Don't know,No
33,Male,No,Yes,Yes,Sometimes,6-25,Yes,Yes,Yes,Yes,No,Don't know,Yes,Very easy,No,No,Some of them,Yes,Maybe,Maybe,Yes,No
29,Male,No,No,Yes,Often,6-25,No,Yes,Yes,No,No,No,Yes,Somewhat easy,Maybe,Maybe,Yes,Some of them,No,Yes,No,No
37,Male,No,No,No,Sometimes,6-25,Yes,Yes,No,Not sure,No,No,Don't know,Don't know,Maybe,No,Some of them,No,Maybe,Yes,Don't know,No
25,Male,No,Yes,Yes,Sometimes,1-5,Yes,Yes,Don't know,No,Don't know,Don't know,Don't know,Very easy,No,No,Yes,Yes,Maybe,Yes,Don't know,No
40,Male,No,No,No,Sometimes,More than 1000,No,No,Yes,Not sure,Don't know,Don't know,Don't know,Somewhat easy,Maybe,No,Some of them,Some of them,No,Maybe,Don't know,No
24,Male,No,No,No,Sometimes,26-100,No,Yes,Yes,Yes,No,No,Yes,Don't know,Maybe,No,No,No,No,Maybe,Don't know,Yes
40,Male,No,No,Yes,Never,100-500,No,Yes,Don't know,Not sure,No,Don't know,Don't know,Very easy,Maybe,No,Yes,Some of them,No,Maybe,Don't know,No
46,Male,No,Yes,Yes,Sometimes,6-25,No,Yes,Don't know,Yes,No,Don't know,Don't know,Don't know,Yes,Maybe,No,Some of them,No,Maybe,Don't know,No
38,Male,No,Yes,Yes,Rarely,More than 1000,No,No,Yes,Yes,Yes,Yes,Yes,Somewhat easy,Yes,No,No,Yes,No,Yes,Don't know,No
34,Male,No,No,No,Never,1-5,Yes,Yes,No,Yes,No,No,Don't know,Don't know,Yes,Yes,No,No,No,No,Don't know,No
32,Male,Yes,No,Yes,Rarely,1-5,No,Yes,No,Yes,Yes,Yes,Yes,Very easy,No,No,Some of them,Yes,No,Yes,No,Yes
44,Male,No,No,Yes,Sometimes,More than 1000,No,No,No,No,No,Yes,Don't know,Don't know,Maybe,No,Some of them,Some of them,No,No,No,No
33,Female,No,No,Yes,Never,100-500,No,Yes,Don't know,Not sure,No,Don't know,Don't know,Very easy,Maybe,No,Some of them,Some of them,No,Maybe,No,No
45,Female,No,No,Yes,Rarely,26-100,No,No,Don't know,No,Don't know,Don't know,Don't know,Don't know,No,No,Some of them,Some of them,No,Maybe,Don't know,No
35,Male,No,No,No,Sometimes,6-25,No,Yes,Don't know,Not sure,Don't know,Don't know,Yes,Don't know,No,No,No,No,No,No,Yes,No
26,Male,Yes,Yes,Yes,Often,1-5,No,Yes,No,No,No,No,Don't know,Don't know,Maybe,No,Yes,Yes,Maybe,Yes,No,Yes
20,Female,No,No,Yes,Sometimes,26-100,Yes,Yes,Don't know,Not sure,Don't know,Don't know,Don't know,Don't know,No,No,Some of them,Some of them,Maybe,Maybe,Don't know,No
37,Male,No,Yes,No,Sometimes,6-25,No,Yes,No,No,No,No,Yes,Somewhat easy,Maybe,No,Some of them,Yes,No,Maybe,Yes,No
28,Male,No,No,No,Sometimes,More than 1000,No,No,Yes,No,No,No,Yes,Somewhat easy,Maybe,No,No,No,No,Yes,No,No
42,Female,No,Yes,Yes,Sometimes,26-100,No,No,Yes,Yes,No,No,Don't know,Don't know,Yes,No,Some of them,Some of them,No,Yes,No,No
32,Male,No,No,No,Sometimes,26-100,No,Yes,No,No,No,No,Don't know,Don't know,Maybe,No,No,No,No,No,Don't know,Yes
36,Female,No,Yes,Yes,Rarely,More than 1000,Yes,Yes,Yes,Yes,No,No,Yes,Somewhat easy,Maybe,Maybe,Some of them,No,No,No,Don't know,No
27,Male,No,No,No,Rarely,26-100,No,Yes,No,Yes,No,Yes,No,Somewhat difficult,Yes,No,No,No,No,Maybe,No,Yes
27,Male,No,No,No,Rarely,26-100,No,Yes,No,Yes,No,Yes,No,Somewhat difficult,Yes,No,No,No,No,Maybe,No,Yes
27,Male,No,No,Yes,Sometimes,More than 1000,No,No,No,No,No,No,Yes,Somewhat easy,Maybe,No,Yes,Yes,Maybe,Maybe,No,No
25,Male,No,Yes,Yes,Sometimes,26-100,Yes,Yes,No,No,No,No,Yes,Very easy,No,No,Some of them,Yes,No,Maybe,Yes,No
41,Male,No,Yes,No,Sometimes,6-25,No,Yes,No,No,No,No,Don't know,Somewhat difficult,Maybe,Maybe,Some of them,Some of them,Maybe,Maybe,Don't know,No
23,Male,No,Yes,Yes,Sometimes,6-25,No,Yes,Don't know,Not sure,No,No,Don't know,Somewhat easy,Maybe,No,No,No,No,No,Don't know,No
21,Male,No,No,Yes,Sometimes,More than 1000,No,No,Don't know,No,No,Don't know,Don't know,Don't know,Maybe,No,Some of them,No,No,No,Don't know,No
26,Male,No,No,Yes,Often,26-100,No,Yes,No,Yes,No,No,Yes,Very difficult,No,No,Yes,Yes,Yes,Yes,Don't know,No
29,Male,No,No,No,Rarely,More than 1000,No,Yes,Don't know,Not sure,Don't know,Don't know,Don't know,Don't know,Maybe,Maybe,No,No,No,Yes,Don't know,Yes
28,Male,No,No,No,Sometimes,More than 1000,No,No,No,No,No,No,Don't know,Somewhat easy,Yes,Maybe,No,No,No,No,Don't know,Yes
27,Female,No,Yes,No,Sometimes,More than 1000,No,No,No,Yes,No,No,Yes,Don't know,Maybe,No,No,No,No,Yes,Yes,No
23,Male,No,No,No,Never,More than 1000,No,No,No,Yes,Yes,Yes,Yes,Somewhat difficult,No,No,Yes,Yes,No,Yes,Yes,No
26,Female,No,Yes,No,Sometimes,26-100,Yes,Yes,Don't know,No,No,No,Don't know,Don't know,Maybe,No,No,No,No,No,Don't know,No
38,Male,No,Yes,Yes,Sometimes,1-5,No,Yes,No,Not sure,Don't know,Don't know,Don't know,Very easy,No,No,Some of them,Yes,Maybe,Yes,Don't know,No
39,Male,No,Yes,Yes,Sometimes,More than 1000,No,No,No,No,No,No,Yes,Very easy,Maybe,Maybe,Some of them,Yes,Maybe,Maybe,Yes,No
35,Male,No,Yes,Yes,Often,More than 1000,No,No,Yes,Yes,No,Yes,Don't know,Somewhat easy,Yes,No,No,Some of them,No,Yes,Don't know,No
32,Male,No,No,No,Rarely,6-25,No,Yes,Yes,Not sure,No,Don't know,Don't know,Don't know,Maybe,No,No,Some of them,No,Maybe,Don't know,No
32,Male,No,No,Yes,Sometimes,More than 1000,No,Yes,Yes,Yes,Yes,Yes,Yes,Somewhat difficult,Maybe,Maybe,Some of them,Some of them,No,No,Don't know,Yes
26,Male,No,No,No,Never,6-25,No,Yes,No,No,No,No,Don't know,Don't know,Yes,Maybe,Some of them,No,No,Maybe,Don't know,No
38,Male,No,Yes,Yes,Rarely,100-500,No,Yes,Don't know,Not sure,No,Don't know,Don't know,Don't know,No,No,Yes,Yes,No,Maybe,No,No
34,Female,No,Yes,No,Rarely,26-100,No,No,Yes,Yes,Yes,Yes,Yes,Very easy,No,No,Some of them,Yes,Maybe,Maybe,Yes,No
39,Male,No,Yes,Yes,Often,26-100,No,No,Don't know,Not sure,No,No,Don't know,Somewhat easy,Yes,No,Some of them,Some of them,No,Maybe,Don't know,No
32,Male,Yes,No,No,Never,6-25,Yes,Yes,Don't know,Not sure,No,No,Don't know,Very easy,No,No,Yes,Yes,Maybe,Maybe,Yes,No
37,Male,Yes,No,No,Never,1-5,Yes,Yes,Don't know,Not sure,Don't know,Don't know,Don't know,Very easy,Yes,Yes,Some of them,Some of them,No,No,Don't know,No
31,Male,No,Yes,Yes,Never,6-25,No,Yes,Don't know,Not sure,No,Don't know,Don't know,Somewhat easy,No,No,Some of them,Some of them,No,No,Don't know,No
30,Male,No,Yes,Yes,Rarely,6-25,No,Yes,No,Yes,No,No,Don't know,Don't know,No,No,No,No,No,No,Don't know,No
51,Male,No,No,No,Never,More than 1000,Yes,Yes,Don't know,No,No,Don't know,Don't know,Don't know,Yes,No,No,No,No,No,No,No
29,Male,No,No,Yes,Sometimes,26-100,No,Yes,Yes,Yes,No,No,Don't know,Don't know,Yes,No,Some of them,Some of them,No,Maybe,Don't know,No
31,Male,No,No,No,Never,100-500,No,Yes,Yes,No,No,Yes,Don't know,Don't know,Maybe,Yes,Some of them,No,No,No,Yes,No
31,Male,No,No,No,Sometimes,26-100,No,Yes,Don't know,Not sure,No,No,Don't know,Don't know,Yes,Yes,No,No,No,No,Don't know,No
26,Male,No,Yes,Yes,Sometimes,6-25,Yes,Yes,Don't know,No,No,Don't know,Don't know,Somewhat easy,Maybe,No,Some of them,Some of them,Maybe,Maybe,Don't know,No
46,Female,No,No,Yes,Often,100-500,Yes,No,Yes,Yes,No,No,Yes,Don't know,Maybe,No,Some of them,Some of them,No,Maybe,No,No
32,Male,No,Yes,No,Sometimes,More than 1000,No,Yes,Yes,No,Yes,Don't know,Don't know,Don't know,Maybe,No,Yes,Yes,No,No,Don't know,No
29,Male,No,Yes,Yes,Sometimes,26-100,No,No,Yes,Yes,Yes,Yes,Don't know,Don't know,Maybe,No,Some of them,No,No,Maybe,Don't know,No
34,Male,No,No,No,Never,More than 1000,Yes,Yes,Don't know,Not sure,No,No,Don't know,Don't know,Maybe,No,Some of them,Some of them,No,Yes,Don't know,No
26,Male,No,No,No,Often,6-25,No,Yes,No,No,No,No,No,Very difficult,Yes,No,No,No,No,Maybe,Yes,No
32,Female,No,No,Yes,Sometimes,More than 1000,No,Yes,Yes,Yes,No,Don't know,Don't know,Don't know,Maybe,No,Some of them,No,No,No,No,No
29,Male,No,No,No,Sometimes,More than 1000,No,Yes,Don't know,Not sure,No,No,Don't know,Don't know,Maybe,No,Some of them,Yes,Maybe,Yes,No,No
30,Male,No,No,No,Sometimes,More than 1000,No,No,Yes,No,Yes,Yes,Don't know,Don't know,Yes,Maybe,No,No,No,No,Don't know,No
40,Female,No,Yes,Yes,Sometimes,26-100,No,Yes,Yes,Yes,No,Yes,Yes,Somewhat easy,No,No,Yes,Yes,No,Maybe,Yes,Yes
23,Male,No,No,Yes,Sometimes,1-5,No,Yes,No,No,No,No,Don't know,Very difficult,Maybe,No,Yes,Yes,Yes,Yes,No,Yes
20,Male,No,No,No,Rarely,26-100,No,No,No,No,No,No,Don't know,Very difficult,Yes,Yes,Some of them,No,No,Maybe,No,No
38,Male,No,Yes,No,Sometimes,6-25,No,Yes,Don't know,No,No,No,Don't know,Somewhat difficult,No,No,Some of them,Yes,No,No,Don't know,Yes
26,Female,No,Yes,Yes,Rarely,100-500,No,Yes,Yes,No,No,No,Don't know,Don't know,Maybe,Maybe,No,No,No,Maybe,No,No
29,Male,No,No,No,Never,26-100,No,Yes,No,No,No,Don't know,Don't know,Don't know,No,No,Some of them,Yes,No,Yes,No,Yes
40,Male,Yes,No,No,Sometimes,1-5,Yes,Yes,No,Yes,No,No,Don't know,Somewhat easy,No,No,Some of them,Some of them,Maybe,Maybe,Don't know,No
25,Female,No,No,Yes,Sometimes,26-100,Yes,Yes,No,No,No,No,Don't know,Don't know,Maybe,Maybe,Yes,Some of them,Maybe,No,No,No
32,Female,No,No,Yes,Sometimes,26-100,No,Yes,Yes,Yes,No,No,Yes,Don't know,Maybe,Maybe,Some of them,No,No,No,No,No
38,Male,No,Yes,Yes,Sometimes,More than 1000,No,No,Yes,Yes,Yes,Yes,Yes,Don't know,Maybe,No,Some of them,No,No,Maybe,No,Yes
72,Female,No,Yes,Yes,Never,500-1000,Yes,No,Yes,Not sure,Don't know,Yes,Don't know,Somewhat easy,Maybe,Maybe,Some of them,Yes,No,No,Don't know,Yes
35,Female,No,Yes,Yes,Sometimes,1-5,Yes,Yes,No,No,No,No,Yes,Don't know,Maybe,Maybe,Some of them,Some of them,No,No,Yes,No
28,Female,No,No,Yes,Often,6-25,No,Yes,No,Yes,No,No,Don't know,Very difficult,Yes,Maybe,Some of them,Some of them,No,No,Don't know,No
27,Female,No,No,No,Never,100-500,No,No,Don't know,Not sure,Don't know,Don't know,Don't know,Don't know,No,No,Some of them,Yes,No,No,Yes,No
56,Female,Yes,No,No,Rarely,1-5,Yes,Yes,Don't know,Not sure,Don't know,Don't know,Don't know,Don't know,Maybe,Maybe,No,No,No,No,Don't know,No
38,Male,No,Yes,Yes,Sometimes,26-100,Yes,Yes,Yes,No,No,No,Don't know,Don't know,Maybe,No,Some of them,Some of them,No,No,Don't know,No
31,Female,No,No,No,Sometimes,26-100,No,Yes,Don't know,Not sure,No,No,Yes,Very easy,Maybe,No,Some of them,Some of them,No,No,Don't know,No
40,Male,No,Yes,Yes,Sometimes,6-25,No,Yes,Yes,Yes,No,No,Yes,Don't know,Maybe,No,Some of them,No,No,No,Yes,No
44,Male,No,Yes,Yes,Sometimes,100-500,No,Yes,Yes,Yes,No,Yes,Yes,Don't know,Maybe,No,Some of them,Some of them,No,No,Don't know,No
34,Male,No,Yes,No,Sometimes,More than 1000,No,Yes,Yes,Not sure,Yes,Yes,Yes,Don't know,Maybe,No,No,No,No,Maybe,Don't know,No
37,Male,No,No,No,Never,26-100,Yes,Yes,Don't know,No,No,No,Don't know,Somewhat easy,No,No,Some of them,Yes,No,Yes,Don't know,No
38,Male,No,No,No,Never,26-100,No,Yes,Don't know,Not sure,Don't know,Don't know,Yes,Don't know,No,No,Some of them,Yes,Yes,Maybe,No,No
27,Male,No,No,No,Sometimes,26-100,No,Yes,Don't know,Not sure,No,No,Don't know,Don't know,No,No,Some of them,Yes,Yes,Yes,Don't know,No
34,Female,No,No,Yes,Sometimes,500-1000,No,No,Yes,Yes,Yes,No,Yes,Don't know,Yes,Yes,Some of them,Some of them,No,No,Yes,No
35,Female,No,No,No,Rarely,1-5,No,Yes,Don't know,No,No,No,No,Don't know,Maybe,No,Some of them,No,No,Maybe,No,No
34,Male,No,No,Yes,Often,6-25,No,Yes,No,No,No,No,Don't know,Somewhat difficult,Yes,Maybe,Some of them,Yes,No,Maybe,No,No
32,Male,No,No,Yes,Often,26-100,Yes,Yes,Yes,Not sure,No,Don't know,Don't know,Very difficult,Yes,Maybe,Some of them,No,No,No,Don't know,No
25,Male,No,No,No,Sometimes,100-500,No,Yes,Don't know,Not sure,No,Don't know,Don't know,Don't know,Maybe,No,Some of them,Yes,No,No,Don't know,No
28,Male,No,No,Yes,Often,100-500,Yes,Yes,No,Yes,No,No,Don't know,Don't know,Yes,No,No,No,No,Maybe,No,No
28,Female,No,No,Yes,Rarely,6-25,No,Yes,Yes,No,No,No,Don't know,Somewhat easy,Yes,Yes,Some of them,No,No,No,No,Yes
31,Male,Yes,No,Yes,Sometimes,1-5,No,Yes,No,Yes,No,No,No,Don't know,No,No,Yes,Yes,No,Maybe,Don't know,No
24,Male,No,No,No,Sometimes,100-500,No,Yes,Don't know,Not sure,No,No,Don't know,Somewhat easy,Maybe,Maybe,Some of them,Yes,No,Maybe,Don't know,No
34,Male,No,Yes,Yes,Never,1-5,Yes,Yes,No,No,No,No,Don't know,Don't know,Maybe,No,Some of them,Yes,No,No,Don't know,No
32,Male,No,No,Yes,Sometimes,6-25,No,Yes,No,No,No,No,Don't know,Somewhat easy,No,No,Some of them,Yes,No,Maybe,Don't know,No
34,Male,No,Yes,No,Often,26-100,Yes,No,Don't know,Not sure,No,No,Don't know,Somewhat easy,Maybe,No,Some of them,Yes,Maybe,Yes,Yes,No
23,Male,No,No,Yes,Sometimes,1-5,No,Yes,No,Yes,No,No,No,Very easy,Maybe,Maybe,Some of them,Yes,No,No,No,No
33,Male,No,Yes,No,Often,100-500,No,Yes,No,Yes,No,No,Don't know,Somewhat easy,No,No,Some of them,Yes,Maybe,Maybe,Don't know,Yes
29,Male,No,Yes,Yes,Sometimes,26-100,No,Yes,Don't know,Not sure,No,No,Don't know,Somewhat difficult,Maybe,No,No,No,No,Maybe,No,No
24,Male,No,Yes,No,Sometimes,1-5,No,Yes,No,No,No,No,Don't know,Don't know,Maybe,Maybe,No,No,No,No,Don't know,No
45,Male,No,No,No,Never,More than 1000,Yes,Yes,Don't know,Not sure,No,No,Don't know,Don't know,Yes,No,Yes,Some of them,No,No,No,Yes
34,Female,No,No,Yes,Sometimes,More than 1000,No,No,No,Yes,No,Yes,Yes,Somewhat difficult,Maybe,Maybe,Some of them,Yes,No,Maybe,No,Yes
31,Male,No,No,No,Sometimes,More than 1000,No,Yes,Don't know,No,No,No,Don't know,Very difficult,Yes,Yes,Some of them,No,No,Maybe,No,Yes
33,Male,No,No,Yes,Often,26-100,Yes,Yes,Yes,Yes,No,No,Yes,Don't know,Maybe,No,Some of them,No,No,Maybe,Don't know,No
28,Male,No,No,No,Sometimes,6-25,No,Yes,No,Not sure,No,No,Don't know,Somewhat easy,Maybe,Maybe,Some of them,Some of them,No,No,Don't know,No
27,Male,No,No,No,Rarely,More than 1000,Yes,No,Don't know,Not sure,No,Yes,Don't know,Don't know,No,No,Some of them,Yes,No,No,Don't know,No
42,Male,No,No,No,Never,26-100,No,Yes,No,Yes,No,No,No,Somewhat difficult,Yes,Yes,Some of them,Some of them,No,No,No,No
28,Male,No,No,No,Sometimes,6-25,No,Yes,No,Not sure,No,No,Don't know,Somewhat easy,Maybe,Maybe,Some of them,Some of them,No,No,Don't know,No
38,Male,No,No,Yes,Sometimes,More than 1000,Yes,Yes,Yes,No,Yes,Yes,Yes,Very easy,No,No,Yes,Yes,No,No,Don't know,No
46,Male,No,Yes,Yes,Often,26-100,No,Yes,Don't know,No,No,No,Don't know,Don't know,Maybe,No,Some of them,No,No,No,No,No
46,Male,No,Yes,Yes,Sometimes,100-500,Yes,Yes,Don't know,Not sure,Don't know,Don't know,Don't know,Don't know,No,No,Some of them,Yes,Yes,Yes,Don't know,No
41,Female,Yes,No,Yes,Rarely,1-5,Yes,Yes,Don't know,Yes,Don't know,Yes,No,Somewhat easy,No,No,Yes,Yes,Yes,Yes,Yes,No
23,Male,No,No,No,Never,26-100,No,Yes,Don't know,No,No,No,Don't know,Somewhat easy,Maybe,No,Some of them,Some of them,No,Maybe,Yes,Yes
24,Male,No,Yes,Yes,Sometimes,More than 1000,No,Yes,Yes,Yes,No,Yes,Don't know,Somewhat easy,Maybe,No,Some of them,No,No,Maybe,Yes,Yes
23,Female,No,No,Yes,Rarely,26-100,No,Yes,No,Yes,Yes,No,Don't know,Don't know,No,No,Yes,Some of them,No,Maybe,Don't know,No
39,Male,No,No,No,Sometimes,More than 1000,No,No,Yes,Not sure,Yes,Don't know,Don't know,Somewhat easy,Maybe,Maybe,No,Some of them,No,No,Yes,No
32,Female,No,Yes,No,Never,More than 1000,No,Yes,Yes,Yes,Don't know,Yes,Yes,Don't know,Maybe,No,Some of them,Some of them,No,No,Don't know,No
25,Male,No,Yes,Yes,Sometimes,26-100,No,Yes,Don't know,Yes,No,No,Don't know,Somewhat easy,Yes,No,Some of them,Some of them,No,Maybe,Don't know,No
39,Male,No,No,No,Sometimes,6-25,Yes,Yes,No,No,No,No,Yes,Don't know,Yes,No,No,No,No,No,Don't know,No
23,Female,No,Yes,Yes,Sometimes,6-25,No,Yes,No,Yes,No,Yes,Yes,Very easy,No,No,Yes,Yes,Maybe,Maybe,Yes,No
24,Male,Yes,No,Yes,Sometimes,6-25,Yes,Yes,No,No,No,No,Don't know,Don't know,Maybe,Maybe,Some of them,Some of them,No,Maybe,Don't know,Yes
25,Male,No,Yes,Yes,Sometimes,More than 1000,No,No,Yes,Yes,Yes,Yes,Yes,Very easy,No,No,Yes,Yes,Yes,Yes,Yes,No
23,Male,No,No,Yes,Rarely,6-25,No,Yes,No,Yes,No,No,Don't know,Don't know,No,No,Yes,Yes,No,Maybe,Don't know,No
24,Male,No,No,Yes,Sometimes,6-25,No,No,Don't know,No,No,Don't know,Don't know,Don't know,Yes,Maybe,No,No,No,Maybe,Don't know,No
23,Male,No,No,Yes,Often,26-100,No,Yes,Yes,Yes,Yes,Don't know,Don't know,Don't know,Maybe,No,Yes,Some of them,No,No,Don't know,No
60,Male,No,No,Yes,Often,More than 1000,Yes,Yes,Don't know,No,Yes,Don't know,Don't know,Somewhat easy,Maybe,Maybe,Some of them,No,No,Maybe,Don't know,No
28,Male,No,No,No,Sometimes,26-100,No,Yes,No,Yes,No,No,Yes,Don't know,Yes,Maybe,No,No,No,No,No,Yes
28,Male,No,Yes,Yes,Often,More than 1000,No,No,Yes,Yes,Yes,Yes,Yes,Somewhat easy,Yes,Maybe,Some of them,Yes,No,No,No,Yes
30,Male,No,No,No,Sometimes,500-1000,No,Yes,Don't know,No,No,No,Don't know,Don't know,Maybe,No,Yes,Yes,Maybe,Yes,Don't know,No
31,Male,No,Yes,Yes,Sometimes,100-500,No,Yes,Don't know,No,No,No,Yes,Somewhat easy,No,No,Some of them,No,No,No,Don't know,No
31,Male,Yes,No,Yes,Often,6-25,Yes,Yes,No,No,No,No,Don't know,Somewhat easy,Maybe,No,Some of them,No,No,No,Don't know,No
28,Male,No,No,Yes,Rarely,26-100,No,Yes,Don't know,No,No,Don't know,Don't know,Don't know,Maybe,No,No,No,No,Maybe,Don't know,No
43,Female,No,Yes,Yes,Rarely,More than 1000,Yes,Yes,Yes,Yes,No,Yes,Don't know,Don't know,No,No,Some of them,Yes,No,No,Don't know,No
32,Female,No,No,No,Sometimes,More than 1000,No,No,No,No,No,Don't know,Don't know,Don't know,Maybe,No,Some of them,Yes,No,Yes,No,No
22,Male,No,Yes,Yes,Often,100-500,No,No,Yes,Yes,Yes,Yes,Yes,Don't know,Maybe,Maybe,No,Yes,No,Maybe,Don't know,Yes
32,Male,No,No,No,Never,100-500,No,Yes,Yes,Not sure,Don't know,Yes,Don't know,Somewhat easy,No,No,No,Some of them,Maybe,Yes,Don't know,No
36,Male,No,No,Yes,Often,6-25,No,Yes,No,No,No,No,No,Very difficult,Yes,No,Some of them,No,No,Maybe,Don't know,Yes
41,Female,No,Yes,Yes,Sometimes,26-100,No,Yes,Yes,No,No,Don't know,Don't know,Don't know,Yes,Maybe,No,No,No,No,Don't know,No
30,Male,No,Yes,Yes,Sometimes,26-100,No,Yes,Yes,Yes,Don't know,No,Yes,Very easy,No,No,Yes,Yes,Maybe,Maybe,Yes,No
30,Male,Yes,Yes,Yes,Often,26-100,No,Yes,Yes,Not sure,Yes,Yes,Don't know,Don't know,No,No,Some of them,Yes,Maybe,Maybe,Yes,No
36,Male,No,Yes,Yes,Often,100-500,No,No,No,Yes,No,No,Don't know,Somewhat easy,No,No,Some of them,Yes,No,Yes,Yes,No
29,Male,No,Yes,Yes,Sometimes,100-500,Yes,Yes,Yes,Yes,Yes,No,Yes,Don't know,Yes,No,Some of them,No,No,Maybe,No,No
36,Male,No,Yes,No,Rarely,More than 1000,No,No,Don't know,No,Yes,Yes,Don't know,Somewhat easy,Maybe,Maybe,Some of them,Some of them,No,No,Don't know,No
26,Male,No,No,Yes,Sometimes,26-100,No,Yes,No,No,No,No,Don't know,Somewhat easy,No,No,Some of them,Some of them,No,No,Don't know,No
32,Male,No,Yes,Yes,Often,26-100,Yes,Yes,Yes,Yes,No,No,Yes,Somewhat difficult,No,No,Some of them,Yes,No,No,Yes,No
34,Male,No,Yes,Yes,Sometimes,More than 1000,No,Yes,Yes,Yes,No,No,Don't know,Somewhat difficult,Yes,Yes,No,No,No,No,No,No
46,Female,No,No,No,Sometimes,100-500,Yes,Yes,No,Yes,No,No,Don't know,Don't know,Yes,No,No,No,No,No,No,No
25,Male,No,Yes,Yes,Sometimes,26-100,No,No,Yes,Yes,No,No,Yes,Don't know,Maybe,No,Some of them,No,No,No,Don't know,No
